"../../../Engine/Plugins/2D/Paper2D/Content/PlaceholderTextures/DummySpriteTexture.ubulk" 0
"../../../Engine/Plugins/2D/Paper2D/Content/PlaceholderTextures/DummySpriteTexture.uasset" 1
"../../../Engine/Plugins/2D/Paper2D/Content/PlaceholderTextures/DummySpriteTexture.uexp" 2
"../../../Engine/Plugins/2D/Paper2D/Content/DummySprite.uasset" 3
"../../../Engine/Plugins/2D/Paper2D/Content/DummySprite.uexp" 4
"../../../Engine/Plugins/2D/Paper2D/Content/DefaultPaperTerrainMaterial.uasset" 5
"../../../Engine/Plugins/2D/Paper2D/Content/DefaultPaperTerrainMaterial.uexp" 6
"../../../Engine/Content/EngineMaterials/DefaultPhysicalMaterial.uasset" 7
"../../../Engine/Content/EngineMaterials/DefaultPhysicalMaterial.uexp" 8
"../../../Engine/Content/EngineMaterials/DefaultDestructiblePhysicalMaterial.uasset" 9
"../../../Engine/Content/EngineMaterials/DefaultDestructiblePhysicalMaterial.uexp" 10
"../../../Engine/Content/EngineFonts/Faces/RobotoLight.uexp" 11
"../../../Engine/Content/EngineFonts/Faces/RobotoLight.uasset" 12
"../../../Engine/Content/EngineFonts/Faces/RobotoLight.ufont" 13
"../../../Engine/Content/EngineFonts/Faces/RobotoBold.uexp" 14
"../../../Engine/Content/EngineFonts/Faces/RobotoBold.uasset" 15
"../../../Engine/Content/EngineFonts/Faces/RobotoBold.ufont" 16
"../../../Engine/Content/EngineFonts/Faces/RobotoRegular.uexp" 17
"../../../Engine/Content/EngineFonts/Faces/RobotoRegular.uasset" 18
"../../../Engine/Content/EngineFonts/Faces/RobotoRegular.ufont" 19
"../../../Engine/Content/EngineFonts/Faces/DroidSansFallback.uexp" 20
"../../../Engine/Content/EngineFonts/Faces/DroidSansFallback.uasset" 21
"../../../Engine/Content/EngineFonts/Faces/DroidSansFallback.ufont" 22
"../../../Engine/Content/EngineFonts/Faces/RobotoItalic.uexp" 23
"../../../Engine/Content/EngineFonts/Faces/RobotoItalic.uasset" 24
"../../../Engine/Content/EngineFonts/Faces/RobotoItalic.ufont" 25
"../../../Engine/Content/EngineFonts/Faces/RobotoBoldItalic.uexp" 26
"../../../Engine/Content/EngineFonts/Faces/RobotoBoldItalic.uasset" 27
"../../../Engine/Content/EngineFonts/Faces/RobotoBoldItalic.ufont" 28
"../../../Engine/Content/EngineFonts/Roboto.uasset" 29
"../../../Engine/Content/EngineFonts/Roboto.uexp" 30
"../../../Engine/Plugins/Interchange/Runtime/Content/Pipelines/DefaultTexturePipeline.uasset" 31
"../../../Engine/Plugins/Interchange/Runtime/Content/Pipelines/DefaultTexturePipeline.uexp" 32
"../../../Engine/Plugins/Interchange/Runtime/Content/Pipelines/DefaultSceneLevelPipeline.uasset" 33
"../../../Engine/Plugins/Interchange/Runtime/Content/Pipelines/DefaultSceneLevelPipeline.uexp" 34
"../../../Engine/Plugins/Interchange/Runtime/Content/Pipelines/DefaultSceneAssetsPipeline.uasset" 35
"../../../Engine/Plugins/Interchange/Runtime/Content/Pipelines/DefaultSceneAssetsPipeline.uexp" 36
"../../../Engine/Plugins/Interchange/Runtime/Content/Pipelines/DefaultMaterialXPipeline.uasset" 37
"../../../Engine/Plugins/Interchange/Runtime/Content/Pipelines/DefaultMaterialXPipeline.uexp" 38
"../../../Engine/Plugins/Interchange/Runtime/Content/Pipelines/DefaultMaterialPipeline.uasset" 39
"../../../Engine/Plugins/Interchange/Runtime/Content/Pipelines/DefaultMaterialPipeline.uexp" 40
"../../../Engine/Plugins/Interchange/Runtime/Content/Pipelines/DefaultGLTFSceneAssetsPipeline.uasset" 41
"../../../Engine/Plugins/Interchange/Runtime/Content/Pipelines/DefaultGLTFSceneAssetsPipeline.uexp" 42
"../../../Engine/Plugins/Interchange/Runtime/Content/Pipelines/DefaultGLTFPipeline.uasset" 43
"../../../Engine/Plugins/Interchange/Runtime/Content/Pipelines/DefaultGLTFPipeline.uexp" 44
"../../../Engine/Plugins/Interchange/Runtime/Content/Pipelines/DefaultGLTFAssetsPipeline.uasset" 45
"../../../Engine/Plugins/Interchange/Runtime/Content/Pipelines/DefaultGLTFAssetsPipeline.uexp" 46
"../../../Engine/Plugins/Interchange/Runtime/Content/Pipelines/DefaultAssetsPipeline.uasset" 47
"../../../Engine/Plugins/Interchange/Runtime/Content/Pipelines/DefaultAssetsPipeline.uexp" 48
"../../../Engine/Plugins/Animation/ControlRig/Content/Controls/DefaultGizmoLibraryNormalized.uasset" 49
"../../../Engine/Plugins/Animation/ControlRig/Content/Controls/DefaultGizmoLibraryNormalized.uexp" 50
"../../../Engine/Content/MobileResources/HUD/VirtualJoystick_Background.uasset" 51
"../../../Engine/Content/MobileResources/HUD/VirtualJoystick_Background.uexp" 52
"../../../Engine/Content/MobileResources/HUD/VirtualJoystick_Thumb.uasset" 53
"../../../Engine/Content/MobileResources/HUD/VirtualJoystick_Thumb.uexp" 54
"C:/Users/akhta/Capstone/Rokos_Basilisk/Game Code/Content/FirstPerson/Input/MobileControls.uasset" 55
"C:/Users/akhta/Capstone/Rokos_Basilisk/Game Code/Content/FirstPerson/Input/MobileControls.uexp" 56
"../../../Engine/Content/EditorResources/S_Actor.ubulk" 57
"../../../Engine/Content/EditorResources/S_Actor.uasset" 58
"../../../Engine/Content/EditorResources/S_Actor.uexp" 59
"../../../Engine/Content/EngineResources/GradientTexture0.uasset" 60
"../../../Engine/Content/EngineResources/GradientTexture0.uexp" 61
"../../../Engine/Content/EngineResources/DefaultTexture.ubulk" 62
"../../../Engine/Content/EngineResources/DefaultTexture.uasset" 63
"../../../Engine/Content/EngineResources/DefaultTexture.uexp" 64
"../../../Engine/Content/EngineMaterials/PreintegratedSkinBRDF.uasset" 65
"../../../Engine/Content/EngineMaterials/PreintegratedSkinBRDF.uexp" 66
"../../../Engine/Content/EngineMaterials/MiniFont.uasset" 67
"../../../Engine/Content/EngineMaterials/MiniFont.uexp" 68
"../../../Engine/Content/EngineMaterials/FastBlueNoise_vec2_128x128x64.uasset" 69
"../../../Engine/Content/EngineMaterials/FastBlueNoise_vec2_128x128x64.uexp" 70
"../../../Engine/Content/EngineMaterials/FastBlueNoise_scalar_128x128x64.uasset" 71
"../../../Engine/Content/EngineMaterials/FastBlueNoise_scalar_128x128x64.uexp" 72
"../../../Engine/Content/EngineMaterials/DefaultWhiteGrid.ubulk" 73
"../../../Engine/Content/EngineMaterials/DefaultWhiteGrid.uasset" 74
"../../../Engine/Content/EngineMaterials/DefaultWhiteGrid.uexp" 75
"../../../Engine/Content/EngineMaterials/DefaultBokeh.uasset" 76
"../../../Engine/Content/EngineMaterials/DefaultBokeh.uexp" 77
"../../../Engine/Content/EngineMaterials/DefaultBloomKernel.uasset" 78
"../../../Engine/Content/EngineMaterials/DefaultBloomKernel.uexp" 79
"../../../Engine/Content/EngineDamageTypes/DmgTypeBP_Environmental.uasset" 80
"../../../Engine/Content/EngineDamageTypes/DmgTypeBP_Environmental.uexp" 81
"../../../Engine/Content/EditorResources/S_TriggerSphere.uasset" 82
"../../../Engine/Content/EditorResources/S_TriggerSphere.uexp" 83
"../../../Engine/Content/EditorResources/S_TriggerCapsule.uasset" 84
"../../../Engine/Content/EditorResources/S_TriggerCapsule.uexp" 85
"../../../Engine/Content/EditorResources/S_TriggerBox.uasset" 86
"../../../Engine/Content/EditorResources/S_TriggerBox.uexp" 87
"../../../Engine/Content/EditorResources/S_Trigger.ubulk" 88
"../../../Engine/Content/EditorResources/S_Trigger.uasset" 89
"../../../Engine/Content/EditorResources/S_Trigger.uexp" 90
"../../../Engine/Content/EditorResources/S_Terrain.ubulk" 91
"../../../Engine/Content/EditorResources/S_Terrain.uasset" 92
"../../../Engine/Content/EditorResources/S_Terrain.uexp" 93
"../../../Engine/Content/EditorResources/S_Solver.ubulk" 94
"../../../Engine/Content/EditorResources/S_Solver.uasset" 95
"../../../Engine/Content/EditorResources/S_Solver.uexp" 96
"../../../Engine/Content/EditorResources/S_BoxReflectionCapture.uasset" 97
"../../../Engine/Content/EditorResources/S_BoxReflectionCapture.uexp" 98
"../../../Engine/Content/EditorResources/EmptyActor.uasset" 99
"../../../Engine/Content/EditorResources/EmptyActor.uexp" 100
"../../../Engine/Content/EditorResources/BSPVertex.uasset" 101
"../../../Engine/Content/EditorResources/BSPVertex.uexp" 102
"../../../Engine/Content/EditorLandscapeResources/DefaultAlphaTexture.uasset" 103
"../../../Engine/Content/EditorLandscapeResources/DefaultAlphaTexture.uexp" 104
"../../../Engine/Plugins/Runtime/AudioWidgets/Content/Resources/ScrubHandleDown_Clamped.uasset" 105
"../../../Engine/Plugins/Runtime/AudioWidgets/Content/Resources/ScrubHandleDown_Clamped.uexp" 106
"../../../Engine/Content/EngineResources/FilmGrains/Marcie_Grain_v3_128_M2_000.uasset" 107
"../../../Engine/Content/EngineResources/FilmGrains/Marcie_Grain_v3_128_M2_000.uexp" 108
"../../../Engine/Content/EngineMaterials/LTC/Sheen_LTC.uasset" 109
"../../../Engine/Content/EngineMaterials/LTC/Sheen_LTC.uexp" 110
"../../../Engine/Content/EngineMaterials/LTC/GGX_LTCMat.uasset" 111
"../../../Engine/Content/EngineMaterials/LTC/GGX_LTCMat.uexp" 112
"../../../Engine/Content/EngineMaterials/LTC/GGX_LTCAmp.uasset" 113
"../../../Engine/Content/EngineMaterials/LTC/GGX_LTCAmp.uexp" 114
"../../../Engine/Content/EngineMaterials/EnergyConservation/Sheen_Energy.uasset" 115
"../../../Engine/Content/EngineMaterials/EnergyConservation/Sheen_Energy.uexp" 116
"../../../Engine/Content/EngineMaterials/EnergyConservation/SheenLegacy_Energy.uasset" 117
"../../../Engine/Content/EngineMaterials/EnergyConservation/SheenLegacy_Energy.uexp" 118
"../../../Engine/Content/EngineMaterials/EnergyConservation/GGX_TransmissionEnergyArray.uasset" 119
"../../../Engine/Content/EngineMaterials/EnergyConservation/GGX_TransmissionEnergyArray.uexp" 120
"../../../Engine/Content/EngineMaterials/EnergyConservation/GGX_ReflectionEnergy.uasset" 121
"../../../Engine/Content/EngineMaterials/EnergyConservation/GGX_ReflectionEnergy.uexp" 122
"../../../Engine/Content/EngineMaterials/EnergyConservation/Diffuse_Energy.uasset" 123
"../../../Engine/Content/EngineMaterials/EnergyConservation/Diffuse_Energy.uexp" 124
"../../../Engine/Content/EditorResources/SequenceRecorder/RecordingIndicator.uasset" 125
"../../../Engine/Content/EditorResources/SequenceRecorder/RecordingIndicator.uexp" 126
"../../../Engine/Content/EditorResources/SequenceRecorder/Countdown.uasset" 127
"../../../Engine/Content/EditorResources/SequenceRecorder/Countdown.uexp" 128
"../../../Engine/Content/EditorMaterials/ParticleSystems/PSysThumbnail_OOD.ubulk" 129
"../../../Engine/Content/EditorMaterials/ParticleSystems/PSysThumbnail_OOD.uasset" 130
"../../../Engine/Content/EditorMaterials/ParticleSystems/PSysThumbnail_OOD.uexp" 131
"../../../Engine/Content/EditorMaterials/ParticleSystems/PSysThumbnail_NoImage.ubulk" 132
"../../../Engine/Content/EditorMaterials/ParticleSystems/PSysThumbnail_NoImage.uasset" 133
"../../../Engine/Content/EditorMaterials/ParticleSystems/PSysThumbnail_NoImage.uexp" 134
"C:/Users/akhta/Capstone/Rokos_Basilisk/Game Code/Content/FirstPerson/MainMenu/newsnakle.uasset" 135
"C:/Users/akhta/Capstone/Rokos_Basilisk/Game Code/Content/FirstPerson/MainMenu/newsnakle.uexp" 136
"C:/Users/akhta/Capstone/Rokos_Basilisk/Game Code/Content/Enemies/RangedEnemy/BI_Basic_AI_Ranged.uasset" 137
"C:/Users/akhta/Capstone/Rokos_Basilisk/Game Code/Content/Enemies/RangedEnemy/BI_Basic_AI_Ranged.uexp" 138
"C:/Users/akhta/Capstone/Rokos_Basilisk/Game Code/Content/Characters/Mannequins/Meshes/SK_Mannequin.uasset" 139
"C:/Users/akhta/Capstone/Rokos_Basilisk/Game Code/Content/Characters/Mannequins/Meshes/SK_Mannequin.uexp" 140
"C:/Users/akhta/Capstone/Rokos_Basilisk/Game Code/Content/Characters/Mannequins/Textures/Manny/T_Manny_02_MSR_MSK.ubulk" 141
"C:/Users/akhta/Capstone/Rokos_Basilisk/Game Code/Content/Characters/Mannequins/Textures/Manny/T_Manny_02_MSR_MSK.uasset" 142
"C:/Users/akhta/Capstone/Rokos_Basilisk/Game Code/Content/Characters/Mannequins/Textures/Manny/T_Manny_02_MSR_MSK.uexp" 143
"C:/Users/akhta/Capstone/Rokos_Basilisk/Game Code/Content/Characters/Mannequins/Textures/Manny/T_Manny_02_CCRCCPlastic_MSK.ubulk" 144
"C:/Users/akhta/Capstone/Rokos_Basilisk/Game Code/Content/Characters/Mannequins/Textures/Manny/T_Manny_02_CCRCCPlastic_MSK.uasset" 145
"C:/Users/akhta/Capstone/Rokos_Basilisk/Game Code/Content/Characters/Mannequins/Textures/Manny/T_Manny_02_CCRCCPlastic_MSK.uexp" 146
"C:/Users/akhta/Capstone/Rokos_Basilisk/Game Code/Content/Characters/Mannequins/Textures/Manny/T_Manny_02_Tan.ubulk" 147
"C:/Users/akhta/Capstone/Rokos_Basilisk/Game Code/Content/Characters/Mannequins/Textures/Manny/T_Manny_02_Tan.uasset" 148
"C:/Users/akhta/Capstone/Rokos_Basilisk/Game Code/Content/Characters/Mannequins/Textures/Manny/T_Manny_02_Tan.uexp" 149
"C:/Users/akhta/Capstone/Rokos_Basilisk/Game Code/Content/Characters/Mannequins/Textures/Manny/T_Manny_02_N.ubulk" 150
"C:/Users/akhta/Capstone/Rokos_Basilisk/Game Code/Content/Characters/Mannequins/Textures/Manny/T_Manny_02_N.uasset" 151
"C:/Users/akhta/Capstone/Rokos_Basilisk/Game Code/Content/Characters/Mannequins/Textures/Manny/T_Manny_02_N.uexp" 152
"C:/Users/akhta/Capstone/Rokos_Basilisk/Game Code/Content/Characters/Mannequins/Textures/Manny/T_Manny_01_N.ubulk" 153
"C:/Users/akhta/Capstone/Rokos_Basilisk/Game Code/Content/Characters/Mannequins/Textures/Manny/T_Manny_01_N.uasset" 154
"C:/Users/akhta/Capstone/Rokos_Basilisk/Game Code/Content/Characters/Mannequins/Textures/Manny/T_Manny_01_N.uexp" 155
"C:/Users/akhta/Capstone/Rokos_Basilisk/Game Code/Content/Characters/Mannequins/Materials/Functions/ChromaticCurve.uasset" 156
"C:/Users/akhta/Capstone/Rokos_Basilisk/Game Code/Content/Characters/Mannequins/Materials/Functions/ChromaticCurve.uexp" 157
"C:/Users/akhta/Capstone/Rokos_Basilisk/Game Code/Content/Characters/Mannequins/Materials/Functions/CA_Mannequin.uasset" 158
"C:/Users/akhta/Capstone/Rokos_Basilisk/Game Code/Content/Characters/Mannequins/Materials/Functions/CA_Mannequin.uexp" 159
"C:/Users/akhta/Capstone/Rokos_Basilisk/Game Code/Content/Characters/Mannequins/Materials/Functions/MF_Diffraction.uasset" 160
"C:/Users/akhta/Capstone/Rokos_Basilisk/Game Code/Content/Characters/Mannequins/Materials/Functions/MF_Diffraction.uexp" 161
"C:/Users/akhta/Capstone/Rokos_Basilisk/Game Code/Content/Characters/Mannequins/Materials/Functions/ML_BaseColorFallOff.uasset" 162
"C:/Users/akhta/Capstone/Rokos_Basilisk/Game Code/Content/Characters/Mannequins/Materials/Functions/ML_BaseColorFallOff.uexp" 163
"../../../Engine/Content/Functions/Engine_MaterialFunctions02/Utility/BreakOutFloat2Components.uasset" 164
"../../../Engine/Content/Functions/Engine_MaterialFunctions02/Utility/BreakOutFloat2Components.uexp" 165
"../../../Engine/Content/Functions/Engine_MaterialFunctions01/Texturing/ScaleUVsByCenter.uasset" 166
"../../../Engine/Content/Functions/Engine_MaterialFunctions01/Texturing/ScaleUVsByCenter.uexp" 167
"C:/Users/akhta/Capstone/Rokos_Basilisk/Game Code/Content/Characters/Mannequins/Textures/Shared/T_UE_Logo_M.uasset" 168
"C:/Users/akhta/Capstone/Rokos_Basilisk/Game Code/Content/Characters/Mannequins/Textures/Shared/T_UE_Logo_M.uexp" 169
"C:/Users/akhta/Capstone/Rokos_Basilisk/Game Code/Content/Characters/Mannequins/Materials/Functions/MF_logo3layers.uasset" 170
"C:/Users/akhta/Capstone/Rokos_Basilisk/Game Code/Content/Characters/Mannequins/Materials/Functions/MF_logo3layers.uexp" 171
"C:/Users/akhta/Capstone/Rokos_Basilisk/Game Code/Content/Characters/Mannequins/Textures/Manny/T_Manny_01_CCRCCPlastic_MSK.ubulk" 172
"C:/Users/akhta/Capstone/Rokos_Basilisk/Game Code/Content/Characters/Mannequins/Textures/Manny/T_Manny_01_CCRCCPlastic_MSK.uasset" 173
"C:/Users/akhta/Capstone/Rokos_Basilisk/Game Code/Content/Characters/Mannequins/Textures/Manny/T_Manny_01_CCRCCPlastic_MSK.uexp" 174
"C:/Users/akhta/Capstone/Rokos_Basilisk/Game Code/Content/Characters/Mannequins/Textures/Manny/T_Manny_01_ASAOPMASK_MSK.ubulk" 175
"C:/Users/akhta/Capstone/Rokos_Basilisk/Game Code/Content/Characters/Mannequins/Textures/Manny/T_Manny_01_ASAOPMASK_MSK.uasset" 176
"C:/Users/akhta/Capstone/Rokos_Basilisk/Game Code/Content/Characters/Mannequins/Textures/Manny/T_Manny_01_ASAOPMASK_MSK.uexp" 177
"C:/Users/akhta/Capstone/Rokos_Basilisk/Game Code/Content/Characters/Mannequins/Textures/Manny/T_Manny_01_MSR_MSK.ubulk" 178
"C:/Users/akhta/Capstone/Rokos_Basilisk/Game Code/Content/Characters/Mannequins/Textures/Manny/T_Manny_01_MSR_MSK.uasset" 179
"C:/Users/akhta/Capstone/Rokos_Basilisk/Game Code/Content/Characters/Mannequins/Textures/Manny/T_Manny_01_MSR_MSK.uexp" 180
"C:/Users/akhta/Capstone/Rokos_Basilisk/Game Code/Content/Characters/Mannequins/Textures/Manny/T_Manny_01_BN.ubulk" 181
"C:/Users/akhta/Capstone/Rokos_Basilisk/Game Code/Content/Characters/Mannequins/Textures/Manny/T_Manny_01_BN.uasset" 182
"C:/Users/akhta/Capstone/Rokos_Basilisk/Game Code/Content/Characters/Mannequins/Textures/Manny/T_Manny_01_BN.uexp" 183
"C:/Users/akhta/Capstone/Rokos_Basilisk/Game Code/Content/Characters/Mannequins/Textures/Manny/T_Manny_01_D.ubulk" 184
"C:/Users/akhta/Capstone/Rokos_Basilisk/Game Code/Content/Characters/Mannequins/Textures/Manny/T_Manny_01_D.uasset" 185
"C:/Users/akhta/Capstone/Rokos_Basilisk/Game Code/Content/Characters/Mannequins/Textures/Manny/T_Manny_01_D.uexp" 186
"C:/Users/akhta/Capstone/Rokos_Basilisk/Game Code/Content/Characters/Mannequins/Textures/Manny/T_Manny_01_Tan.ubulk" 187
"C:/Users/akhta/Capstone/Rokos_Basilisk/Game Code/Content/Characters/Mannequins/Textures/Manny/T_Manny_01_Tan.uasset" 188
"C:/Users/akhta/Capstone/Rokos_Basilisk/Game Code/Content/Characters/Mannequins/Textures/Manny/T_Manny_01_Tan.uexp" 189
"C:/Users/akhta/Capstone/Rokos_Basilisk/Game Code/Content/Characters/Mannequins/Materials/M_Mannequin.uasset" 190
"C:/Users/akhta/Capstone/Rokos_Basilisk/Game Code/Content/Characters/Mannequins/Materials/M_Mannequin.uexp" 191
"C:/Users/akhta/Capstone/Rokos_Basilisk/Game Code/Content/Characters/Mannequins/Materials/Instances/Manny/MI_Manny_01.uasset" 192
"C:/Users/akhta/Capstone/Rokos_Basilisk/Game Code/Content/Characters/Mannequins/Materials/Instances/Manny/MI_Manny_01.uexp" 193
"C:/Users/akhta/Capstone/Rokos_Basilisk/Game Code/Content/Characters/Mannequins/Textures/Manny/T_Manny_02_BN.ubulk" 194
"C:/Users/akhta/Capstone/Rokos_Basilisk/Game Code/Content/Characters/Mannequins/Textures/Manny/T_Manny_02_BN.uasset" 195
"C:/Users/akhta/Capstone/Rokos_Basilisk/Game Code/Content/Characters/Mannequins/Textures/Manny/T_Manny_02_BN.uexp" 196
"C:/Users/akhta/Capstone/Rokos_Basilisk/Game Code/Content/Characters/Mannequins/Textures/Manny/T_Manny_02_ASAOPMASK_MSK.ubulk" 197
"C:/Users/akhta/Capstone/Rokos_Basilisk/Game Code/Content/Characters/Mannequins/Textures/Manny/T_Manny_02_ASAOPMASK_MSK.uasset" 198
"C:/Users/akhta/Capstone/Rokos_Basilisk/Game Code/Content/Characters/Mannequins/Textures/Manny/T_Manny_02_ASAOPMASK_MSK.uexp" 199
"C:/Users/akhta/Capstone/Rokos_Basilisk/Game Code/Content/Characters/Mannequins/Textures/Manny/T_Manny_02_D.ubulk" 200
"C:/Users/akhta/Capstone/Rokos_Basilisk/Game Code/Content/Characters/Mannequins/Textures/Manny/T_Manny_02_D.uasset" 201
"C:/Users/akhta/Capstone/Rokos_Basilisk/Game Code/Content/Characters/Mannequins/Textures/Manny/T_Manny_02_D.uexp" 202
"C:/Users/akhta/Capstone/Rokos_Basilisk/Game Code/Content/Characters/Mannequins/Materials/Instances/Manny/MI_Manny_02.uasset" 203
"C:/Users/akhta/Capstone/Rokos_Basilisk/Game Code/Content/Characters/Mannequins/Materials/Instances/Manny/MI_Manny_02.uexp" 204
"C:/Users/akhta/Capstone/Rokos_Basilisk/Game Code/Content/Characters/Mannequins/Rigs/PA_Mannequin.uasset" 205
"C:/Users/akhta/Capstone/Rokos_Basilisk/Game Code/Content/Characters/Mannequins/Rigs/PA_Mannequin.uexp" 206
"C:/Users/akhta/Capstone/Rokos_Basilisk/Game Code/Content/Enemies/RangedEnemy/AnimationStuff/Manny_Gun.uasset" 207
"C:/Users/akhta/Capstone/Rokos_Basilisk/Game Code/Content/Enemies/RangedEnemy/AnimationStuff/Manny_Gun.uexp" 208
"C:/Users/akhta/Capstone/Rokos_Basilisk/Game Code/Content/LevelBuilderAI/BP_LevelBuilderAI.uasset" 209
"C:/Users/akhta/Capstone/Rokos_Basilisk/Game Code/Content/LevelBuilderAI/BP_LevelBuilderAI.uexp" 210
"C:/Users/akhta/Capstone/Rokos_Basilisk/Game Code/Content/BP_BasiliskInstance.uasset" 211
"C:/Users/akhta/Capstone/Rokos_Basilisk/Game Code/Content/BP_BasiliskInstance.uexp" 212
"C:/Users/akhta/Capstone/Rokos_Basilisk/Game Code/Content/FirstPerson/Input/Actions/IA_Look.uasset" 213
"C:/Users/akhta/Capstone/Rokos_Basilisk/Game Code/Content/FirstPerson/Input/Actions/IA_Look.uexp" 214
"C:/Users/akhta/Capstone/Rokos_Basilisk/Game Code/Content/FirstPerson/Input/Actions/IA_Pause.uasset" 215
"C:/Users/akhta/Capstone/Rokos_Basilisk/Game Code/Content/FirstPerson/Input/Actions/IA_Pause.uexp" 216
"C:/Users/akhta/Capstone/Rokos_Basilisk/Game Code/Content/FirstPerson/Input/Actions/IA_Move.uasset" 217
"C:/Users/akhta/Capstone/Rokos_Basilisk/Game Code/Content/FirstPerson/Input/Actions/IA_Move.uexp" 218
"C:/Users/akhta/Capstone/Rokos_Basilisk/Game Code/Content/FirstPerson/Input/Actions/IA_Shoot.uasset" 219
"C:/Users/akhta/Capstone/Rokos_Basilisk/Game Code/Content/FirstPerson/Input/Actions/IA_Shoot.uexp" 220
"C:/Users/akhta/Capstone/Rokos_Basilisk/Game Code/Content/FirstPerson/Input/Actions/IA_Jump.uasset" 221
"C:/Users/akhta/Capstone/Rokos_Basilisk/Game Code/Content/FirstPerson/Input/Actions/IA_Jump.uexp" 222
"C:/Users/akhta/Capstone/Rokos_Basilisk/Game Code/Content/FirstPerson/Input/IMC_Default.uasset" 223
"C:/Users/akhta/Capstone/Rokos_Basilisk/Game Code/Content/FirstPerson/Input/IMC_Default.uexp" 224
"C:/Users/akhta/Capstone/Rokos_Basilisk/Game Code/Content/FirstPerson/Blueprints/BP_FirstPersonPlayerController.uasset" 225
"C:/Users/akhta/Capstone/Rokos_Basilisk/Game Code/Content/FirstPerson/Blueprints/BP_FirstPersonPlayerController.uexp" 226
"C:/Users/akhta/Capstone/Rokos_Basilisk/Game Code/Content/Enemies/EnemyAI/Tasks/BTTask_Wander.uasset" 227
"C:/Users/akhta/Capstone/Rokos_Basilisk/Game Code/Content/Enemies/EnemyAI/Tasks/BTTask_Wander.uexp" 228
"C:/Users/akhta/Capstone/Rokos_Basilisk/Game Code/Content/Enemies/EnemyAI/Tasks/BTTask_Chase.uasset" 229
"C:/Users/akhta/Capstone/Rokos_Basilisk/Game Code/Content/Enemies/EnemyAI/Tasks/BTTask_Chase.uexp" 230
"C:/Users/akhta/Capstone/Rokos_Basilisk/Game Code/Content/Enemies/EnemyAI/BI_Basic_Ai.uasset" 231
"C:/Users/akhta/Capstone/Rokos_Basilisk/Game Code/Content/Enemies/EnemyAI/BI_Basic_Ai.uexp" 232
"C:/Users/akhta/Capstone/Rokos_Basilisk/Game Code/Content/Enemies/EnemyAI/Tasks/BTTask_Attack.uasset" 233
"C:/Users/akhta/Capstone/Rokos_Basilisk/Game Code/Content/Enemies/EnemyAI/Tasks/BTTask_Attack.uexp" 234
"C:/Users/akhta/Capstone/Rokos_Basilisk/Game Code/Content/Enemies/EnemyAI/BD_Basic_AI.uasset" 235
"C:/Users/akhta/Capstone/Rokos_Basilisk/Game Code/Content/Enemies/EnemyAI/BD_Basic_AI.uexp" 236
"C:/Users/akhta/Capstone/Rokos_Basilisk/Game Code/Content/Enemies/EnemyAI/BT_Basic_AI.uasset" 237
"C:/Users/akhta/Capstone/Rokos_Basilisk/Game Code/Content/Enemies/EnemyAI/BT_Basic_AI.uexp" 238
"../../../Engine/Plugins/Animation/ACLPlugin/Content/ACLAnimBoneCompressionSettings.uasset" 239
"../../../Engine/Plugins/Animation/ACLPlugin/Content/ACLAnimBoneCompressionSettings.uexp" 240
"../../../Engine/Content/Animation/DefaultVariableFrameStrippingSettings.uasset" 241
"../../../Engine/Content/Animation/DefaultVariableFrameStrippingSettings.uexp" 242
"../../../Engine/Plugins/Animation/ACLPlugin/Content/ACLAnimCurveCompressionSettings.uasset" 243
"../../../Engine/Plugins/Animation/ACLPlugin/Content/ACLAnimCurveCompressionSettings.uexp" 244
"C:/Users/akhta/Capstone/Rokos_Basilisk/Game Code/Content/FirstPersonArms/Character/Mesh/SK_Mannequin_Arms_Skeleton.uasset" 245
"C:/Users/akhta/Capstone/Rokos_Basilisk/Game Code/Content/FirstPersonArms/Character/Mesh/SK_Mannequin_Arms_Skeleton.uexp" 246
"C:/Users/akhta/Capstone/Rokos_Basilisk/Game Code/Content/FirstPersonArms/Animations/PistolShoot.uasset" 247
"C:/Users/akhta/Capstone/Rokos_Basilisk/Game Code/Content/FirstPersonArms/Animations/PistolShoot.uexp" 248
"C:/Users/akhta/Capstone/Rokos_Basilisk/Game Code/Content/FirstPersonArms/Animations/PistolShoot_Montage.uasset" 249
"C:/Users/akhta/Capstone/Rokos_Basilisk/Game Code/Content/FirstPersonArms/Animations/PistolShoot_Montage.uexp" 250
"../../../Engine/Content/EngineResources/Black.uasset" 251
"../../../Engine/Content/EngineResources/Black.uexp" 252
"C:/Users/akhta/Capstone/Rokos_Basilisk/Game Code/Content/InfinityBladeEffects/Effects/Masters/M_Add_Sprite_SubUV_Master.uasset" 253
"C:/Users/akhta/Capstone/Rokos_Basilisk/Game Code/Content/InfinityBladeEffects/Effects/Masters/M_Add_Sprite_SubUV_Master.uexp" 254
"C:/Users/akhta/Capstone/Rokos_Basilisk/Game Code/Content/InfinityBladeEffects/Effects/FX_Textures/Gradient/T_impactFlares_meleeBase.ubulk" 255
"C:/Users/akhta/Capstone/Rokos_Basilisk/Game Code/Content/InfinityBladeEffects/Effects/FX_Textures/Gradient/T_impactFlares_meleeBase.uasset" 256
"C:/Users/akhta/Capstone/Rokos_Basilisk/Game Code/Content/InfinityBladeEffects/Effects/FX_Textures/Gradient/T_impactFlares_meleeBase.uexp" 257
"C:/Users/akhta/Capstone/Rokos_Basilisk/Game Code/Content/InfinityBladeEffects/Effects/FX_Materials/Gradient/M_Flash_Impact_01_1X2_INST.uasset" 258
"C:/Users/akhta/Capstone/Rokos_Basilisk/Game Code/Content/InfinityBladeEffects/Effects/FX_Materials/Gradient/M_Flash_Impact_01_1X2_INST.uexp" 259
"C:/Users/akhta/Capstone/Rokos_Basilisk/Game Code/Content/InfinityBladeEffects/Effects/FX_Textures/Tile/T_Black_32.uasset" 260
"C:/Users/akhta/Capstone/Rokos_Basilisk/Game Code/Content/InfinityBladeEffects/Effects/FX_Textures/Tile/T_Black_32.uexp" 261
"C:/Users/akhta/Capstone/Rokos_Basilisk/Game Code/Content/InfinityBladeEffects/Effects/Masters/M_Trans_Sprite_Master_DepthFade.uasset" 262
"C:/Users/akhta/Capstone/Rokos_Basilisk/Game Code/Content/InfinityBladeEffects/Effects/Masters/M_Trans_Sprite_Master_DepthFade.uexp" 263
"C:/Users/akhta/Capstone/Rokos_Basilisk/Game Code/Content/InfinityBladeEffects/Effects/FX_Textures/Liquid/T_bloodTest_4X6.ubulk" 264
"C:/Users/akhta/Capstone/Rokos_Basilisk/Game Code/Content/InfinityBladeEffects/Effects/FX_Textures/Liquid/T_bloodTest_4X6.uasset" 265
"C:/Users/akhta/Capstone/Rokos_Basilisk/Game Code/Content/InfinityBladeEffects/Effects/FX_Textures/Liquid/T_bloodTest_4X6.uexp" 266
"C:/Users/akhta/Capstone/Rokos_Basilisk/Game Code/Content/InfinityBladeEffects/Effects/FX_Materials/Liquid/M_Liquid_Spray_01_4X6_INST.uasset" 267
"C:/Users/akhta/Capstone/Rokos_Basilisk/Game Code/Content/InfinityBladeEffects/Effects/FX_Materials/Liquid/M_Liquid_Spray_01_4X6_INST.uexp" 268
"C:/Users/akhta/Capstone/Rokos_Basilisk/Game Code/Content/InfinityBladeEffects/Effects/Masters/M_Trans_Sprite_Master.uasset" 269
"C:/Users/akhta/Capstone/Rokos_Basilisk/Game Code/Content/InfinityBladeEffects/Effects/Masters/M_Trans_Sprite_Master.uexp" 270
"C:/Users/akhta/Capstone/Rokos_Basilisk/Game Code/Content/InfinityBladeEffects/Effects/FX_Textures/Liquid/T_bloodSpatter_02.ubulk" 271
"C:/Users/akhta/Capstone/Rokos_Basilisk/Game Code/Content/InfinityBladeEffects/Effects/FX_Textures/Liquid/T_bloodSpatter_02.uasset" 272
"C:/Users/akhta/Capstone/Rokos_Basilisk/Game Code/Content/InfinityBladeEffects/Effects/FX_Textures/Liquid/T_bloodSpatter_02.uexp" 273
"C:/Users/akhta/Capstone/Rokos_Basilisk/Game Code/Content/InfinityBladeEffects/Effects/FX_Materials/Liquid/M_Liquid_Splat_04_INST.uasset" 274
"C:/Users/akhta/Capstone/Rokos_Basilisk/Game Code/Content/InfinityBladeEffects/Effects/FX_Materials/Liquid/M_Liquid_Splat_04_INST.uexp" 275
"C:/Users/akhta/Capstone/Rokos_Basilisk/Game Code/Content/InfinityBladeEffects/Effects/FX_Mobile/Impacts/P_Impact_Player_Fire_Medium.uasset" 276
"C:/Users/akhta/Capstone/Rokos_Basilisk/Game Code/Content/InfinityBladeEffects/Effects/FX_Mobile/Impacts/P_Impact_Player_Fire_Medium.uexp" 277
"C:/Users/akhta/Capstone/Rokos_Basilisk/Game Code/Content/FirstPersonArms/Animations/MF_Pistol_Walk_Fwd.uasset" 278
"C:/Users/akhta/Capstone/Rokos_Basilisk/Game Code/Content/FirstPersonArms/Animations/MF_Pistol_Walk_Fwd.uexp" 279
"C:/Users/akhta/Capstone/Rokos_Basilisk/Game Code/Content/FirstPersonArms/Animations/MM_Pistol_Idle_ADS.uasset" 280
"C:/Users/akhta/Capstone/Rokos_Basilisk/Game Code/Content/FirstPersonArms/Animations/MM_Pistol_Idle_ADS.uexp" 281
"C:/Users/akhta/Capstone/Rokos_Basilisk/Game Code/Content/FirstPersonArms/Animations/ArmsBlendSpace.uasset" 282
"C:/Users/akhta/Capstone/Rokos_Basilisk/Game Code/Content/FirstPersonArms/Animations/ArmsBlendSpace.uexp" 283
"C:/Users/akhta/Capstone/Rokos_Basilisk/Game Code/Content/FirstPersonArms/Animations/ABP_Arms.uasset" 284
"C:/Users/akhta/Capstone/Rokos_Basilisk/Game Code/Content/FirstPersonArms/Animations/ABP_Arms.uexp" 285
"C:/Users/akhta/Capstone/Rokos_Basilisk/Game Code/Content/Pistol/T_Pistol_N.ubulk" 286
"C:/Users/akhta/Capstone/Rokos_Basilisk/Game Code/Content/Pistol/T_Pistol_N.uasset" 287
"C:/Users/akhta/Capstone/Rokos_Basilisk/Game Code/Content/Pistol/T_Pistol_N.uexp" 288
"C:/Users/akhta/Capstone/Rokos_Basilisk/Game Code/Content/Pistol/T_Pistol_D.ubulk" 289
"C:/Users/akhta/Capstone/Rokos_Basilisk/Game Code/Content/Pistol/T_Pistol_D.uasset" 290
"C:/Users/akhta/Capstone/Rokos_Basilisk/Game Code/Content/Pistol/T_Pistol_D.uexp" 291
"C:/Users/akhta/Capstone/Rokos_Basilisk/Game Code/Content/Pistol/MI_Weapon_Pistol.uasset" 292
"C:/Users/akhta/Capstone/Rokos_Basilisk/Game Code/Content/Pistol/MI_Weapon_Pistol.uexp" 293
"C:/Users/akhta/Capstone/Rokos_Basilisk/Game Code/Content/Pistol/SK_Pistol_Skeleton.uasset" 294
"C:/Users/akhta/Capstone/Rokos_Basilisk/Game Code/Content/Pistol/SK_Pistol_Skeleton.uexp" 295
"C:/Users/akhta/Capstone/Rokos_Basilisk/Game Code/Content/Pistol/SK_Pistol_PhysicsAsset.uasset" 296
"C:/Users/akhta/Capstone/Rokos_Basilisk/Game Code/Content/Pistol/SK_Pistol_PhysicsAsset.uexp" 297
"C:/Users/akhta/Capstone/Rokos_Basilisk/Game Code/Content/Pistol/SK_Pistol.uasset" 298
"C:/Users/akhta/Capstone/Rokos_Basilisk/Game Code/Content/Pistol/SK_Pistol.uexp" 299
"C:/Users/akhta/Capstone/Rokos_Basilisk/Game Code/Content/Audio/player_damage.ubulk" 300
"C:/Users/akhta/Capstone/Rokos_Basilisk/Game Code/Content/Audio/player_damage.uasset" 301
"C:/Users/akhta/Capstone/Rokos_Basilisk/Game Code/Content/Audio/player_damage.uexp" 302
"C:/Users/akhta/Capstone/Rokos_Basilisk/Game Code/Content/Audio/SA_Character.uasset" 303
"C:/Users/akhta/Capstone/Rokos_Basilisk/Game Code/Content/Audio/SA_Character.uexp" 304
"C:/Users/akhta/Capstone/Rokos_Basilisk/Game Code/Content/Audio/MS_Grunt.uasset" 305
"C:/Users/akhta/Capstone/Rokos_Basilisk/Game Code/Content/Audio/MS_Grunt.uexp" 306
"C:/Users/akhta/Capstone/Rokos_Basilisk/Game Code/Content/Blueprints/BP_ShottCameraShake.uasset" 307
"C:/Users/akhta/Capstone/Rokos_Basilisk/Game Code/Content/Blueprints/BP_ShottCameraShake.uexp" 308
"C:/Users/akhta/Capstone/Rokos_Basilisk/Game Code/Content/FirstPersonArms/Character/Textures/Manny/T_Manny_02_N.ubulk" 309
"C:/Users/akhta/Capstone/Rokos_Basilisk/Game Code/Content/FirstPersonArms/Character/Textures/Manny/T_Manny_02_N.uasset" 310
"C:/Users/akhta/Capstone/Rokos_Basilisk/Game Code/Content/FirstPersonArms/Character/Textures/Manny/T_Manny_02_N.uexp" 311
"C:/Users/akhta/Capstone/Rokos_Basilisk/Game Code/Content/FirstPersonArms/Character/Textures/Manny/T_Manny_02_BN.ubulk" 312
"C:/Users/akhta/Capstone/Rokos_Basilisk/Game Code/Content/FirstPersonArms/Character/Textures/Manny/T_Manny_02_BN.uasset" 313
"C:/Users/akhta/Capstone/Rokos_Basilisk/Game Code/Content/FirstPersonArms/Character/Textures/Manny/T_Manny_02_BN.uexp" 314
"C:/Users/akhta/Capstone/Rokos_Basilisk/Game Code/Content/FirstPersonArms/Character/Textures/Manny/T_Manny_02_ASAOPMASK_MSK.ubulk" 315
"C:/Users/akhta/Capstone/Rokos_Basilisk/Game Code/Content/FirstPersonArms/Character/Textures/Manny/T_Manny_02_ASAOPMASK_MSK.uasset" 316
"C:/Users/akhta/Capstone/Rokos_Basilisk/Game Code/Content/FirstPersonArms/Character/Textures/Manny/T_Manny_02_ASAOPMASK_MSK.uexp" 317
"C:/Users/akhta/Capstone/Rokos_Basilisk/Game Code/Content/FirstPersonArms/Character/Textures/Manny/T_Manny_01_ASAOPMASK_MSK.ubulk" 318
"C:/Users/akhta/Capstone/Rokos_Basilisk/Game Code/Content/FirstPersonArms/Character/Textures/Manny/T_Manny_01_ASAOPMASK_MSK.uasset" 319
"C:/Users/akhta/Capstone/Rokos_Basilisk/Game Code/Content/FirstPersonArms/Character/Textures/Manny/T_Manny_01_ASAOPMASK_MSK.uexp" 320
"C:/Users/akhta/Capstone/Rokos_Basilisk/Game Code/Content/FirstPersonArms/Character/Textures/Manny/T_Manny_01_CCRCCPlastic_MSK.ubulk" 321
"C:/Users/akhta/Capstone/Rokos_Basilisk/Game Code/Content/FirstPersonArms/Character/Textures/Manny/T_Manny_01_CCRCCPlastic_MSK.uasset" 322
"C:/Users/akhta/Capstone/Rokos_Basilisk/Game Code/Content/FirstPersonArms/Character/Textures/Manny/T_Manny_01_CCRCCPlastic_MSK.uexp" 323
"C:/Users/akhta/Capstone/Rokos_Basilisk/Game Code/Content/FirstPersonArms/Character/Textures/Manny/T_Manny_01_Tan.ubulk" 324
"C:/Users/akhta/Capstone/Rokos_Basilisk/Game Code/Content/FirstPersonArms/Character/Textures/Manny/T_Manny_01_Tan.uasset" 325
"C:/Users/akhta/Capstone/Rokos_Basilisk/Game Code/Content/FirstPersonArms/Character/Textures/Manny/T_Manny_01_Tan.uexp" 326
"C:/Users/akhta/Capstone/Rokos_Basilisk/Game Code/Content/FirstPersonArms/Character/Textures/Manny/T_Manny_01_BN.ubulk" 327
"C:/Users/akhta/Capstone/Rokos_Basilisk/Game Code/Content/FirstPersonArms/Character/Textures/Manny/T_Manny_01_BN.uasset" 328
"C:/Users/akhta/Capstone/Rokos_Basilisk/Game Code/Content/FirstPersonArms/Character/Textures/Manny/T_Manny_01_BN.uexp" 329
"C:/Users/akhta/Capstone/Rokos_Basilisk/Game Code/Content/FirstPersonArms/Character/Textures/Manny/T_Manny_01_MSR_MSK.ubulk" 330
"C:/Users/akhta/Capstone/Rokos_Basilisk/Game Code/Content/FirstPersonArms/Character/Textures/Manny/T_Manny_01_MSR_MSK.uasset" 331
"C:/Users/akhta/Capstone/Rokos_Basilisk/Game Code/Content/FirstPersonArms/Character/Textures/Manny/T_Manny_01_MSR_MSK.uexp" 332
"C:/Users/akhta/Capstone/Rokos_Basilisk/Game Code/Content/FirstPersonArms/Character/Textures/Manny/T_Manny_01_N.ubulk" 333
"C:/Users/akhta/Capstone/Rokos_Basilisk/Game Code/Content/FirstPersonArms/Character/Textures/Manny/T_Manny_01_N.uasset" 334
"C:/Users/akhta/Capstone/Rokos_Basilisk/Game Code/Content/FirstPersonArms/Character/Textures/Manny/T_Manny_01_N.uexp" 335
"C:/Users/akhta/Capstone/Rokos_Basilisk/Game Code/Content/FirstPersonArms/Character/Textures/Manny/T_Manny_01_D.ubulk" 336
"C:/Users/akhta/Capstone/Rokos_Basilisk/Game Code/Content/FirstPersonArms/Character/Textures/Manny/T_Manny_01_D.uasset" 337
"C:/Users/akhta/Capstone/Rokos_Basilisk/Game Code/Content/FirstPersonArms/Character/Textures/Manny/T_Manny_01_D.uexp" 338
"C:/Users/akhta/Capstone/Rokos_Basilisk/Game Code/Content/FirstPersonArms/Character/Materials/Functions/ChromaticCurve.uasset" 339
"C:/Users/akhta/Capstone/Rokos_Basilisk/Game Code/Content/FirstPersonArms/Character/Materials/Functions/ChromaticCurve.uexp" 340
"C:/Users/akhta/Capstone/Rokos_Basilisk/Game Code/Content/FirstPersonArms/Character/Materials/Functions/CA_Mannequin.uasset" 341
"C:/Users/akhta/Capstone/Rokos_Basilisk/Game Code/Content/FirstPersonArms/Character/Materials/Functions/CA_Mannequin.uexp" 342
"C:/Users/akhta/Capstone/Rokos_Basilisk/Game Code/Content/FirstPersonArms/Character/Materials/Functions/MF_Diffraction.uasset" 343
"C:/Users/akhta/Capstone/Rokos_Basilisk/Game Code/Content/FirstPersonArms/Character/Materials/Functions/MF_Diffraction.uexp" 344
"C:/Users/akhta/Capstone/Rokos_Basilisk/Game Code/Content/FirstPersonArms/Character/Textures/Shared/T_UE_Logo_M.uasset" 345
"C:/Users/akhta/Capstone/Rokos_Basilisk/Game Code/Content/FirstPersonArms/Character/Textures/Shared/T_UE_Logo_M.uexp" 346
"C:/Users/akhta/Capstone/Rokos_Basilisk/Game Code/Content/FirstPersonArms/Character/Materials/Functions/MF_logo3layers.uasset" 347
"C:/Users/akhta/Capstone/Rokos_Basilisk/Game Code/Content/FirstPersonArms/Character/Materials/Functions/MF_logo3layers.uexp" 348
"C:/Users/akhta/Capstone/Rokos_Basilisk/Game Code/Content/FirstPersonArms/Character/Materials/Functions/ML_BaseColorFallOff.uasset" 349
"C:/Users/akhta/Capstone/Rokos_Basilisk/Game Code/Content/FirstPersonArms/Character/Materials/Functions/ML_BaseColorFallOff.uexp" 350
"C:/Users/akhta/Capstone/Rokos_Basilisk/Game Code/Content/FirstPersonArms/Character/Materials/M_Mannequin.uasset" 351
"C:/Users/akhta/Capstone/Rokos_Basilisk/Game Code/Content/FirstPersonArms/Character/Materials/M_Mannequin.uexp" 352
"C:/Users/akhta/Capstone/Rokos_Basilisk/Game Code/Content/FirstPersonArms/Character/Materials/Instances/Manny/MI_Manny_01.uasset" 353
"C:/Users/akhta/Capstone/Rokos_Basilisk/Game Code/Content/FirstPersonArms/Character/Materials/Instances/Manny/MI_Manny_01.uexp" 354
"C:/Users/akhta/Capstone/Rokos_Basilisk/Game Code/Content/FirstPersonArms/Character/Textures/Manny/T_Manny_02_CCRCCPlastic_MSK.ubulk" 355
"C:/Users/akhta/Capstone/Rokos_Basilisk/Game Code/Content/FirstPersonArms/Character/Textures/Manny/T_Manny_02_CCRCCPlastic_MSK.uasset" 356
"C:/Users/akhta/Capstone/Rokos_Basilisk/Game Code/Content/FirstPersonArms/Character/Textures/Manny/T_Manny_02_CCRCCPlastic_MSK.uexp" 357
"C:/Users/akhta/Capstone/Rokos_Basilisk/Game Code/Content/FirstPersonArms/Character/Textures/Manny/T_Manny_02_MSR_MSK.ubulk" 358
"C:/Users/akhta/Capstone/Rokos_Basilisk/Game Code/Content/FirstPersonArms/Character/Textures/Manny/T_Manny_02_MSR_MSK.uasset" 359
"C:/Users/akhta/Capstone/Rokos_Basilisk/Game Code/Content/FirstPersonArms/Character/Textures/Manny/T_Manny_02_MSR_MSK.uexp" 360
"C:/Users/akhta/Capstone/Rokos_Basilisk/Game Code/Content/FirstPersonArms/Character/Textures/Manny/T_Manny_02_D.ubulk" 361
"C:/Users/akhta/Capstone/Rokos_Basilisk/Game Code/Content/FirstPersonArms/Character/Textures/Manny/T_Manny_02_D.uasset" 362
"C:/Users/akhta/Capstone/Rokos_Basilisk/Game Code/Content/FirstPersonArms/Character/Textures/Manny/T_Manny_02_D.uexp" 363
"C:/Users/akhta/Capstone/Rokos_Basilisk/Game Code/Content/FirstPersonArms/Character/Textures/Manny/T_Manny_02_Tan.ubulk" 364
"C:/Users/akhta/Capstone/Rokos_Basilisk/Game Code/Content/FirstPersonArms/Character/Textures/Manny/T_Manny_02_Tan.uasset" 365
"C:/Users/akhta/Capstone/Rokos_Basilisk/Game Code/Content/FirstPersonArms/Character/Textures/Manny/T_Manny_02_Tan.uexp" 366
"C:/Users/akhta/Capstone/Rokos_Basilisk/Game Code/Content/FirstPersonArms/Character/Materials/Instances/Manny/MI_Manny_02.uasset" 367
"C:/Users/akhta/Capstone/Rokos_Basilisk/Game Code/Content/FirstPersonArms/Character/Materials/Instances/Manny/MI_Manny_02.uexp" 368
"C:/Users/akhta/Capstone/Rokos_Basilisk/Game Code/Content/FirstPersonArms/Character/Mesh/SK_Mannequin_Arms_PhysicsAsset.uasset" 369
"C:/Users/akhta/Capstone/Rokos_Basilisk/Game Code/Content/FirstPersonArms/Character/Mesh/SK_Mannequin_Arms_PhysicsAsset.uexp" 370
"C:/Users/akhta/Capstone/Rokos_Basilisk/Game Code/Content/FirstPersonArms/Character/Mesh/SK_Mannequin_Arms.uasset" 371
"C:/Users/akhta/Capstone/Rokos_Basilisk/Game Code/Content/FirstPersonArms/Character/Mesh/SK_Mannequin_Arms.uexp" 372
"C:/Users/akhta/Capstone/Rokos_Basilisk/Game Code/Content/UI/WB_HUD.uasset" 373
"C:/Users/akhta/Capstone/Rokos_Basilisk/Game Code/Content/UI/WB_HUD.uexp" 374
"C:/Users/akhta/Capstone/Rokos_Basilisk/Game Code/Content/UI/W_EnemyDev.uasset" 375
"C:/Users/akhta/Capstone/Rokos_Basilisk/Game Code/Content/UI/W_EnemyDev.uexp" 376
"C:/Users/akhta/Capstone/Rokos_Basilisk/Game Code/Content/InfinityBladeEffects/Effects/FX_Textures/Animal/T_Feathers_01.ubulk" 377
"C:/Users/akhta/Capstone/Rokos_Basilisk/Game Code/Content/InfinityBladeEffects/Effects/FX_Textures/Animal/T_Feathers_01.uasset" 378
"C:/Users/akhta/Capstone/Rokos_Basilisk/Game Code/Content/InfinityBladeEffects/Effects/FX_Textures/Animal/T_Feathers_01.uexp" 379
"C:/Users/akhta/Capstone/Rokos_Basilisk/Game Code/Content/InfinityBladeEffects/Effects/FX_Materials/Misc/M_Feathers_Trans_3X1_INST.uasset" 380
"C:/Users/akhta/Capstone/Rokos_Basilisk/Game Code/Content/InfinityBladeEffects/Effects/FX_Materials/Misc/M_Feathers_Trans_3X1_INST.uexp" 381
"C:/Users/akhta/Capstone/Rokos_Basilisk/Game Code/Content/InfinityBladeEffects/Effects/FX_Textures/Fire/T_FireBlastTile.ubulk" 382
"C:/Users/akhta/Capstone/Rokos_Basilisk/Game Code/Content/InfinityBladeEffects/Effects/FX_Textures/Fire/T_FireBlastTile.uasset" 383
"C:/Users/akhta/Capstone/Rokos_Basilisk/Game Code/Content/InfinityBladeEffects/Effects/FX_Textures/Fire/T_FireBlastTile.uexp" 384
"C:/Users/akhta/Capstone/Rokos_Basilisk/Game Code/Content/InfinityBladeEffects/Effects/Masters/M_Add_Trail_2Sided_Pan_Master.uasset" 385
"C:/Users/akhta/Capstone/Rokos_Basilisk/Game Code/Content/InfinityBladeEffects/Effects/Masters/M_Add_Trail_2Sided_Pan_Master.uexp" 386
"C:/Users/akhta/Capstone/Rokos_Basilisk/Game Code/Content/InfinityBladeEffects/Effects/FX_Materials/Fire/M_Fire_Sheet_01_INST.uasset" 387
"C:/Users/akhta/Capstone/Rokos_Basilisk/Game Code/Content/InfinityBladeEffects/Effects/FX_Materials/Fire/M_Fire_Sheet_01_INST.uexp" 388
"C:/Users/akhta/Capstone/Rokos_Basilisk/Game Code/Content/InfinityBladeEffects/Effects/FX_Textures/Fire/T_Fire_subUV_6X6.ubulk" 389
"C:/Users/akhta/Capstone/Rokos_Basilisk/Game Code/Content/InfinityBladeEffects/Effects/FX_Textures/Fire/T_Fire_subUV_6X6.uasset" 390
"C:/Users/akhta/Capstone/Rokos_Basilisk/Game Code/Content/InfinityBladeEffects/Effects/FX_Textures/Fire/T_Fire_subUV_6X6.uexp" 391
"C:/Users/akhta/Capstone/Rokos_Basilisk/Game Code/Content/InfinityBladeEffects/Effects/FX_Materials/Fire/M_Fire_01_Add_6X6_INST.uasset" 392
"C:/Users/akhta/Capstone/Rokos_Basilisk/Game Code/Content/InfinityBladeEffects/Effects/FX_Materials/Fire/M_Fire_01_Add_6X6_INST.uexp" 393
"C:/Users/akhta/Capstone/Rokos_Basilisk/Game Code/Content/InfinityBladeEffects/Effects/FX_Meshes/Skills/SM_FireBlastMesh.ubulk" 394
"C:/Users/akhta/Capstone/Rokos_Basilisk/Game Code/Content/InfinityBladeEffects/Effects/FX_Meshes/Skills/SM_FireBlastMesh.uasset" 395
"C:/Users/akhta/Capstone/Rokos_Basilisk/Game Code/Content/InfinityBladeEffects/Effects/FX_Meshes/Skills/SM_FireBlastMesh.uexp" 396
"C:/Users/akhta/Capstone/Rokos_Basilisk/Game Code/Content/InfinityBladeEffects/Effects/Masters/M_Add_Sprite_Master.uasset" 397
"C:/Users/akhta/Capstone/Rokos_Basilisk/Game Code/Content/InfinityBladeEffects/Effects/Masters/M_Add_Sprite_Master.uexp" 398
"C:/Users/akhta/Capstone/Rokos_Basilisk/Game Code/Content/InfinityBladeEffects/Effects/FX_Textures/Gradient/T_starFlare_03.ubulk" 399
"C:/Users/akhta/Capstone/Rokos_Basilisk/Game Code/Content/InfinityBladeEffects/Effects/FX_Textures/Gradient/T_starFlare_03.uasset" 400
"C:/Users/akhta/Capstone/Rokos_Basilisk/Game Code/Content/InfinityBladeEffects/Effects/FX_Textures/Gradient/T_starFlare_03.uexp" 401
"C:/Users/akhta/Capstone/Rokos_Basilisk/Game Code/Content/InfinityBladeEffects/Effects/FX_Materials/Gradient/M_Flare_04_INST.uasset" 402
"C:/Users/akhta/Capstone/Rokos_Basilisk/Game Code/Content/InfinityBladeEffects/Effects/FX_Materials/Gradient/M_Flare_04_INST.uexp" 403
"C:/Users/akhta/Capstone/Rokos_Basilisk/Game Code/Content/InfinityBladeEffects/Effects/FX_Textures/Spark/T_Sparks_03_SubUV_1_4.ubulk" 404
"C:/Users/akhta/Capstone/Rokos_Basilisk/Game Code/Content/InfinityBladeEffects/Effects/FX_Textures/Spark/T_Sparks_03_SubUV_1_4.uasset" 405
"C:/Users/akhta/Capstone/Rokos_Basilisk/Game Code/Content/InfinityBladeEffects/Effects/FX_Textures/Spark/T_Sparks_03_SubUV_1_4.uexp" 406
"C:/Users/akhta/Capstone/Rokos_Basilisk/Game Code/Content/InfinityBladeEffects/Effects/FX_Materials/Spark/M_Spark_03_1_4_INST.uasset" 407
"C:/Users/akhta/Capstone/Rokos_Basilisk/Game Code/Content/InfinityBladeEffects/Effects/FX_Materials/Spark/M_Spark_03_1_4_INST.uexp" 408
"C:/Users/akhta/Capstone/Rokos_Basilisk/Game Code/Content/InfinityBladeEffects/Effects/FX_Textures/Smoke/T_SmokeBall_01_8_8.ubulk" 409
"C:/Users/akhta/Capstone/Rokos_Basilisk/Game Code/Content/InfinityBladeEffects/Effects/FX_Textures/Smoke/T_SmokeBall_01_8_8.uasset" 410
"C:/Users/akhta/Capstone/Rokos_Basilisk/Game Code/Content/InfinityBladeEffects/Effects/FX_Textures/Smoke/T_SmokeBall_01_8_8.uexp" 411
"C:/Users/akhta/Capstone/Rokos_Basilisk/Game Code/Content/InfinityBladeEffects/Effects/FX_Materials/Smoke/M_Smoke_01_8X8_INST.uasset" 412
"C:/Users/akhta/Capstone/Rokos_Basilisk/Game Code/Content/InfinityBladeEffects/Effects/FX_Materials/Smoke/M_Smoke_01_8X8_INST.uexp" 413
"C:/Users/akhta/Capstone/Rokos_Basilisk/Game Code/Content/InfinityBladeEffects/Effects/FX_Monsters/FX_Monster_Chicken/P_ChickenMaster_MuzzleFlash_01.uasset" 414
"C:/Users/akhta/Capstone/Rokos_Basilisk/Game Code/Content/InfinityBladeEffects/Effects/FX_Monsters/FX_Monster_Chicken/P_ChickenMaster_MuzzleFlash_01.uexp" 415
"../../../Engine/Content/Animation/DefaultAnimCurveCompressionSettings.uasset" 416
"../../../Engine/Content/Animation/DefaultAnimCurveCompressionSettings.uexp" 417
"C:/Users/akhta/Capstone/Rokos_Basilisk/Game Code/Content/Audio/footsteps.ubulk" 418
"C:/Users/akhta/Capstone/Rokos_Basilisk/Game Code/Content/Audio/footsteps.uasset" 419
"C:/Users/akhta/Capstone/Rokos_Basilisk/Game Code/Content/Audio/footsteps.uexp" 420
"C:/Users/akhta/Capstone/Rokos_Basilisk/Game Code/Content/Audio/MS_Footstep.uasset" 421
"C:/Users/akhta/Capstone/Rokos_Basilisk/Game Code/Content/Audio/MS_Footstep.uexp" 422
"../../../Engine/Content/Animation/DefaultAnimBoneCompressionSettings.uasset" 423
"../../../Engine/Content/Animation/DefaultAnimBoneCompressionSettings.uexp" 424
"C:/Users/akhta/Capstone/Rokos_Basilisk/Game Code/Content/Characters/Mannequins/Animations/Manny/MM_Walk_Fwd.uasset" 425
"C:/Users/akhta/Capstone/Rokos_Basilisk/Game Code/Content/Characters/Mannequins/Animations/Manny/MM_Walk_Fwd.uexp" 426
"C:/Users/akhta/Capstone/Rokos_Basilisk/Game Code/Content/Characters/Mannequins/Animations/Manny/MM_Idle.uasset" 427
"C:/Users/akhta/Capstone/Rokos_Basilisk/Game Code/Content/Characters/Mannequins/Animations/Manny/MM_Idle.uexp" 428
"C:/Users/akhta/Capstone/Rokos_Basilisk/Game Code/Content/Characters/Mannequins/Animations/Manny/BodyBlendSpace.uasset" 429
"C:/Users/akhta/Capstone/Rokos_Basilisk/Game Code/Content/Characters/Mannequins/Animations/Manny/BodyBlendSpace.uexp" 430
"C:/Users/akhta/Capstone/Rokos_Basilisk/Game Code/Content/Characters/Mannequins/Animations/Manny/ABP_Body.uasset" 431
"C:/Users/akhta/Capstone/Rokos_Basilisk/Game Code/Content/Characters/Mannequins/Animations/Manny/ABP_Body.uexp" 432
"C:/Users/akhta/Capstone/Rokos_Basilisk/Game Code/Content/FirstPerson/MainMenu/PauseMenu/W_PauseMenu.uasset" 433
"C:/Users/akhta/Capstone/Rokos_Basilisk/Game Code/Content/FirstPerson/MainMenu/PauseMenu/W_PauseMenu.uexp" 434
"C:/Users/akhta/Capstone/Rokos_Basilisk/Game Code/Content/Audio/pistol_shoot_sound.ubulk" 435
"C:/Users/akhta/Capstone/Rokos_Basilisk/Game Code/Content/Audio/pistol_shoot_sound.uasset" 436
"C:/Users/akhta/Capstone/Rokos_Basilisk/Game Code/Content/Audio/pistol_shoot_sound.uexp" 437
"C:/Users/akhta/Capstone/Rokos_Basilisk/Game Code/Content/Audio/MS_PistolFire.uasset" 438
"C:/Users/akhta/Capstone/Rokos_Basilisk/Game Code/Content/Audio/MS_PistolFire.uexp" 439
"C:/Users/akhta/Capstone/Rokos_Basilisk/Game Code/Content/Characters/Mannequins/Meshes/SKM_Manny_Simple.uasset" 440
"C:/Users/akhta/Capstone/Rokos_Basilisk/Game Code/Content/Characters/Mannequins/Meshes/SKM_Manny_Simple.uexp" 441
"C:/Users/akhta/Capstone/Rokos_Basilisk/Game Code/Content/FirstPerson/WinLoseScreen/W_Losar.uasset" 442
"C:/Users/akhta/Capstone/Rokos_Basilisk/Game Code/Content/FirstPerson/WinLoseScreen/W_Losar.uexp" 443
"C:/Users/akhta/Capstone/Rokos_Basilisk/Game Code/Content/FirstPerson/Blueprints/BP_FirstPersonCharacter.uasset" 444
"C:/Users/akhta/Capstone/Rokos_Basilisk/Game Code/Content/FirstPerson/Blueprints/BP_FirstPersonCharacter.uexp" 445
"C:/Users/akhta/Capstone/Rokos_Basilisk/Game Code/Content/Enemies/EnemyAI/BP_Basic_AI_Controller.uasset" 446
"C:/Users/akhta/Capstone/Rokos_Basilisk/Game Code/Content/Enemies/EnemyAI/BP_Basic_AI_Controller.uexp" 447
"C:/Users/akhta/Capstone/Rokos_Basilisk/Game Code/Content/Fab/Health_potion/Assets/health_potion_texture_2.ubulk" 448
"C:/Users/akhta/Capstone/Rokos_Basilisk/Game Code/Content/Fab/Health_potion/Assets/health_potion_texture_2.uasset" 449
"C:/Users/akhta/Capstone/Rokos_Basilisk/Game Code/Content/Fab/Health_potion/Assets/health_potion_texture_2.uexp" 450
"C:/Users/akhta/Capstone/Rokos_Basilisk/Game Code/Content/Fab/Health_potion/Assets/health_potion_texture_3.ubulk" 451
"C:/Users/akhta/Capstone/Rokos_Basilisk/Game Code/Content/Fab/Health_potion/Assets/health_potion_texture_3.uasset" 452
"C:/Users/akhta/Capstone/Rokos_Basilisk/Game Code/Content/Fab/Health_potion/Assets/health_potion_texture_3.uexp" 453
"C:/Users/akhta/Capstone/Rokos_Basilisk/Game Code/Content/Fab/Health_potion/Assets/health_potion_texture_5.ubulk" 454
"C:/Users/akhta/Capstone/Rokos_Basilisk/Game Code/Content/Fab/Health_potion/Assets/health_potion_texture_5.uasset" 455
"C:/Users/akhta/Capstone/Rokos_Basilisk/Game Code/Content/Fab/Health_potion/Assets/health_potion_texture_5.uexp" 456
"C:/Users/akhta/Capstone/Rokos_Basilisk/Game Code/Content/Fab/Health_potion/Assets/health_potion_texture_6.ubulk" 457
"C:/Users/akhta/Capstone/Rokos_Basilisk/Game Code/Content/Fab/Health_potion/Assets/health_potion_texture_6.uasset" 458
"C:/Users/akhta/Capstone/Rokos_Basilisk/Game Code/Content/Fab/Health_potion/Assets/health_potion_texture_6.uexp" 459
"../../../Engine/Content/Functions/Engine_MaterialFunctions02/Utility/BreakOutFloat3Components.uasset" 460
"../../../Engine/Content/Functions/Engine_MaterialFunctions02/Utility/BreakOutFloat3Components.uexp" 461
"../../../Engine/Content/Functions/Engine_MaterialFunctions02/Math/Transform3x3Matrix.uasset" 462
"../../../Engine/Content/Functions/Engine_MaterialFunctions02/Math/Transform3x3Matrix.uexp" 463
"../../../Engine/Content/Functions/Engine_MaterialFunctions02/Utility/CameraDirectionVector.uasset" 464
"../../../Engine/Content/Functions/Engine_MaterialFunctions02/Utility/CameraDirectionVector.uexp" 465
"../../../Engine/Plugins/Interchange/Assets/Content/Utilities/New_LUT.uasset" 466
"../../../Engine/Plugins/Interchange/Assets/Content/Utilities/New_LUT.uexp" 467
"../../../Engine/Content/EngineMaterials/Good64x64TilingNoiseHighFreq.uasset" 468
"../../../Engine/Content/EngineMaterials/Good64x64TilingNoiseHighFreq.uexp" 469
"../../../Engine/Content/Functions/Engine_MaterialFunctions02/Texturing/ScreenAlignedPixelToPixelUVs.uasset" 470
"../../../Engine/Content/Functions/Engine_MaterialFunctions02/Texturing/ScreenAlignedPixelToPixelUVs.uexp" 471
"../../../Engine/Plugins/Interchange/Assets/Content/gltf/MaterialFunctions/MF_Temporal_Blur.uasset" 472
"../../../Engine/Plugins/Interchange/Assets/Content/gltf/MaterialFunctions/MF_Temporal_Blur.uexp" 473
"../../../Engine/Plugins/Interchange/Assets/Content/gltf/Textures/T_White_srgb.uasset" 474
"../../../Engine/Plugins/Interchange/Assets/Content/gltf/Textures/T_White_srgb.uexp" 475
"../../../Engine/Plugins/Interchange/Assets/Content/gltf/MaterialFunctions/MF_Specular.uasset" 476
"../../../Engine/Plugins/Interchange/Assets/Content/gltf/MaterialFunctions/MF_Specular.uexp" 477
"../../../Engine/Plugins/Interchange/Assets/Content/gltf/Textures/T_Anisotropy_Direction_Linear.uasset" 478
"../../../Engine/Plugins/Interchange/Assets/Content/gltf/Textures/T_Anisotropy_Direction_Linear.uexp" 479
"../../../Engine/Plugins/Interchange/Assets/Content/gltf/MaterialFunctions/MF_SpecularAnisotropy.uasset" 480
"../../../Engine/Plugins/Interchange/Assets/Content/gltf/MaterialFunctions/MF_SpecularAnisotropy.uexp" 481
"../../../Engine/Plugins/Interchange/Assets/Content/gltf/Textures/T_White_Linear.uasset" 482
"../../../Engine/Plugins/Interchange/Assets/Content/gltf/Textures/T_White_Linear.uexp" 483
"../../../Engine/Plugins/Interchange/Assets/Content/gltf/MaterialFunctions/MF_MetallicRoughness.uasset" 484
"../../../Engine/Plugins/Interchange/Assets/Content/gltf/MaterialFunctions/MF_MetallicRoughness.uexp" 485
"../../../Engine/Plugins/Interchange/Assets/Content/gltf/Textures/T_Generic_N.uasset" 486
"../../../Engine/Plugins/Interchange/Assets/Content/gltf/Textures/T_Generic_N.uexp" 487
"../../../Engine/Content/Functions/Engine_MaterialFunctions02/Utility/MakeFloat3.uasset" 488
"../../../Engine/Content/Functions/Engine_MaterialFunctions02/Utility/MakeFloat3.uexp" 489
"../../../Engine/Plugins/Interchange/Assets/Content/gltf/MaterialFunctions/MF_ScaleNormal.uasset" 490
"../../../Engine/Plugins/Interchange/Assets/Content/gltf/MaterialFunctions/MF_ScaleNormal.uexp" 491
"../../../Engine/Plugins/Interchange/Assets/Content/gltf/MaterialFunctions/MF_Fresnel_DS.uasset" 492
"../../../Engine/Plugins/Interchange/Assets/Content/gltf/MaterialFunctions/MF_Fresnel_DS.uexp" 493
"../../../Engine/Plugins/Interchange/Assets/Content/gltf/MaterialFunctions/MF_BaseColor.uasset" 494
"../../../Engine/Plugins/Interchange/Assets/Content/gltf/MaterialFunctions/MF_BaseColor.uexp" 495
"../../../Engine/Content/Functions/Engine_MaterialFunctions03/Math/RemapValueRange.uasset" 496
"../../../Engine/Content/Functions/Engine_MaterialFunctions03/Math/RemapValueRange.uexp" 497
"../../../Engine/Plugins/Interchange/Assets/Content/Functions/MF_Iridescence.uasset" 498
"../../../Engine/Plugins/Interchange/Assets/Content/Functions/MF_Iridescence.uexp" 499
"../../../Engine/Plugins/Interchange/Assets/Content/gltf/MaterialFunctions/MF_Iridescence.uasset" 500
"../../../Engine/Plugins/Interchange/Assets/Content/gltf/MaterialFunctions/MF_Iridescence.uexp" 501
"../../../Engine/Plugins/Interchange/Assets/Content/gltf/MaterialFunctions/MF_Occlusion.uasset" 502
"../../../Engine/Plugins/Interchange/Assets/Content/gltf/MaterialFunctions/MF_Occlusion.uexp" 503
"../../../Engine/Plugins/Interchange/Assets/Content/gltf/MaterialFunctions/MF_IOR.uasset" 504
"../../../Engine/Plugins/Interchange/Assets/Content/gltf/MaterialFunctions/MF_IOR.uexp" 505
"../../../Engine/Plugins/Interchange/Assets/Content/gltf/MaterialFunctions/MF_RotateV2.uasset" 506
"../../../Engine/Plugins/Interchange/Assets/Content/gltf/MaterialFunctions/MF_RotateV2.uexp" 507
"../../../Engine/Plugins/Interchange/Assets/Content/gltf/MaterialFunctions/MF_TransformUVs.uasset" 508
"../../../Engine/Plugins/Interchange/Assets/Content/gltf/MaterialFunctions/MF_TransformUVs.uexp" 509
"../../../Engine/Plugins/Interchange/Assets/Content/gltf/MaterialFunctions/MF_Transmission.uasset" 510
"../../../Engine/Plugins/Interchange/Assets/Content/gltf/MaterialFunctions/MF_Transmission.uexp" 511
"../../../Engine/Plugins/Interchange/Assets/Content/gltf/MaterialFunctions/MF_RotateNormals_TS.uasset" 512
"../../../Engine/Plugins/Interchange/Assets/Content/gltf/MaterialFunctions/MF_RotateNormals_TS.uexp" 513
"../../../Engine/Plugins/Interchange/Assets/Content/gltf/MaterialFunctions/MF_Normals.uasset" 514
"../../../Engine/Plugins/Interchange/Assets/Content/gltf/MaterialFunctions/MF_Normals.uexp" 515
"../../../Engine/Plugins/Interchange/Assets/Content/gltf/MaterialBodies/MF_Transmission_Body.uasset" 516
"../../../Engine/Plugins/Interchange/Assets/Content/gltf/MaterialBodies/MF_Transmission_Body.uexp" 517
"../../../Engine/Plugins/Interchange/Assets/Content/gltf/M_Transmission.uasset" 518
"../../../Engine/Plugins/Interchange/Assets/Content/gltf/M_Transmission.uexp" 519
"../../../Engine/Plugins/Interchange/Assets/Content/gltf/MaterialInstances/MI_Transmission.uasset" 520
"../../../Engine/Plugins/Interchange/Assets/Content/gltf/MaterialInstances/MI_Transmission.uexp" 521
"C:/Users/akhta/Capstone/Rokos_Basilisk/Game Code/Content/Fab/Health_potion/Assets/elixirMat.uasset" 522
"C:/Users/akhta/Capstone/Rokos_Basilisk/Game Code/Content/Fab/Health_potion/Assets/elixirMat.uexp" 523
"../../../Engine/Plugins/Interchange/Assets/Content/gltf/MaterialFunctions/MF_Emissive.uasset" 524
"../../../Engine/Plugins/Interchange/Assets/Content/gltf/MaterialFunctions/MF_Emissive.uexp" 525
"../../../Engine/Plugins/Interchange/Assets/Content/gltf/MaterialBodies/MF_Default_Body.uasset" 526
"../../../Engine/Plugins/Interchange/Assets/Content/gltf/MaterialBodies/MF_Default_Body.uexp" 527
"../../../Engine/Plugins/Interchange/Assets/Content/gltf/M_Default.uasset" 528
"../../../Engine/Plugins/Interchange/Assets/Content/gltf/M_Default.uexp" 529
"../../../Engine/Plugins/Interchange/Assets/Content/gltf/MaterialInstances/MI_Default_Blend_DS.uasset" 530
"../../../Engine/Plugins/Interchange/Assets/Content/gltf/MaterialInstances/MI_Default_Blend_DS.uexp" 531
"C:/Users/akhta/Capstone/Rokos_Basilisk/Game Code/Content/Fab/Health_potion/Assets/health_potion_texture_0.ubulk" 532
"C:/Users/akhta/Capstone/Rokos_Basilisk/Game Code/Content/Fab/Health_potion/Assets/health_potion_texture_0.uasset" 533
"C:/Users/akhta/Capstone/Rokos_Basilisk/Game Code/Content/Fab/Health_potion/Assets/health_potion_texture_0.uexp" 534
"C:/Users/akhta/Capstone/Rokos_Basilisk/Game Code/Content/Fab/Health_potion/Assets/health_potion_texture_1.ubulk" 535
"C:/Users/akhta/Capstone/Rokos_Basilisk/Game Code/Content/Fab/Health_potion/Assets/health_potion_texture_1.uasset" 536
"C:/Users/akhta/Capstone/Rokos_Basilisk/Game Code/Content/Fab/Health_potion/Assets/health_potion_texture_1.uexp" 537
"C:/Users/akhta/Capstone/Rokos_Basilisk/Game Code/Content/Fab/Health_potion/Assets/Plus.uasset" 538
"C:/Users/akhta/Capstone/Rokos_Basilisk/Game Code/Content/Fab/Health_potion/Assets/Plus.uexp" 539
"C:/Users/akhta/Capstone/Rokos_Basilisk/Game Code/Content/Fab/Health_potion/Assets/health_potion.ubulk" 540
"C:/Users/akhta/Capstone/Rokos_Basilisk/Game Code/Content/Fab/Health_potion/Assets/health_potion.uasset" 541
"C:/Users/akhta/Capstone/Rokos_Basilisk/Game Code/Content/Fab/Health_potion/Assets/health_potion.uexp" 542
"C:/Users/akhta/Capstone/Rokos_Basilisk/Game Code/Content/Fab/Health_potion/HealthPickup.uasset" 543
"C:/Users/akhta/Capstone/Rokos_Basilisk/Game Code/Content/Fab/Health_potion/HealthPickup.uexp" 544
"C:/Users/akhta/Capstone/Rokos_Basilisk/Game Code/Content/Characters/Mannequins/Animations/Melee_Attack_Montage.uasset" 545
"C:/Users/akhta/Capstone/Rokos_Basilisk/Game Code/Content/Characters/Mannequins/Animations/Melee_Attack_Montage.uexp" 546
"C:/Users/akhta/Capstone/Rokos_Basilisk/Game Code/Content/Characters/Mannequins/Animations/Melee_Attack.uasset" 547
"C:/Users/akhta/Capstone/Rokos_Basilisk/Game Code/Content/Characters/Mannequins/Animations/Melee_Attack.uexp" 548
"C:/Users/akhta/Capstone/Rokos_Basilisk/Game Code/Content/Enemies/EnemyAI/BP_Basic_AI.uasset" 549
"C:/Users/akhta/Capstone/Rokos_Basilisk/Game Code/Content/Enemies/EnemyAI/BP_Basic_AI.uexp" 550
"C:/Users/akhta/Capstone/Rokos_Basilisk/Game Code/Content/FirstPerson/WinLoseScreen/W_Winrar.uasset" 551
"C:/Users/akhta/Capstone/Rokos_Basilisk/Game Code/Content/FirstPerson/WinLoseScreen/W_Winrar.uexp" 552
"C:/Users/akhta/Capstone/Rokos_Basilisk/Game Code/Content/FirstPerson/Blueprints/BP_FirstPersonGameMode.uasset" 553
"C:/Users/akhta/Capstone/Rokos_Basilisk/Game Code/Content/FirstPerson/Blueprints/BP_FirstPersonGameMode.uexp" 554
"C:/Users/akhta/Capstone/Rokos_Basilisk/Game Code/Content/Enemies/RangedEnemy/Tasks/BTTask_RangedChase.uasset" 555
"C:/Users/akhta/Capstone/Rokos_Basilisk/Game Code/Content/Enemies/RangedEnemy/Tasks/BTTask_RangedChase.uexp" 556
"C:/Users/akhta/Capstone/Rokos_Basilisk/Game Code/Content/Enemies/RangedEnemy/Tasks/BTTask_Attack_Ranged.uasset" 557
"C:/Users/akhta/Capstone/Rokos_Basilisk/Game Code/Content/Enemies/RangedEnemy/Tasks/BTTask_Attack_Ranged.uexp" 558
"C:/Users/akhta/Capstone/Rokos_Basilisk/Game Code/Content/Enemies/RangedEnemy/BD_Basic_AI_Ranged.uasset" 559
"C:/Users/akhta/Capstone/Rokos_Basilisk/Game Code/Content/Enemies/RangedEnemy/BD_Basic_AI_Ranged.uexp" 560
"C:/Users/akhta/Capstone/Rokos_Basilisk/Game Code/Content/Enemies/RangedEnemy/BT_Basic_AI_Ranged.uasset" 561
"C:/Users/akhta/Capstone/Rokos_Basilisk/Game Code/Content/Enemies/RangedEnemy/BT_Basic_AI_Ranged.uexp" 562
"C:/Users/akhta/Capstone/Rokos_Basilisk/Game Code/Content/Enemies/RangedEnemy/BP_Basic_AI_Ranged_Controller.uasset" 563
"C:/Users/akhta/Capstone/Rokos_Basilisk/Game Code/Content/Enemies/RangedEnemy/BP_Basic_AI_Ranged_Controller.uexp" 564
"../../../Engine/Content/EngineMaterials/T_Default_Material_Grid_M.ubulk" 565
"../../../Engine/Content/EngineMaterials/T_Default_Material_Grid_M.uasset" 566
"../../../Engine/Content/EngineMaterials/T_Default_Material_Grid_M.uexp" 567
"../../../Engine/Content/EngineMaterials/T_Default_Material_Grid_N.ubulk" 568
"../../../Engine/Content/EngineMaterials/T_Default_Material_Grid_N.uasset" 569
"../../../Engine/Content/EngineMaterials/T_Default_Material_Grid_N.uexp" 570
"../../../Engine/Content/Functions/Engine_MaterialFunctions01/Opacity/CameraDepthFade.uasset" 571
"../../../Engine/Content/Functions/Engine_MaterialFunctions01/Opacity/CameraDepthFade.uexp" 572
"../../../Engine/Content/EngineMaterials/DefaultMaterial.uasset" 573
"../../../Engine/Content/EngineMaterials/DefaultMaterial.uexp" 574
"../../../Engine/Content/BasicShapes/Sphere.ubulk" 575
"../../../Engine/Content/BasicShapes/Sphere.uasset" 576
"../../../Engine/Content/BasicShapes/Sphere.uexp" 577
"C:/Users/akhta/Capstone/Rokos_Basilisk/Game Code/Content/Enemies/RangedEnemy/Projectile/ProjectileMaterial.uasset" 578
"C:/Users/akhta/Capstone/Rokos_Basilisk/Game Code/Content/Enemies/RangedEnemy/Projectile/ProjectileMaterial.uexp" 579
"C:/Users/akhta/Capstone/Rokos_Basilisk/Game Code/Content/Enemies/RangedEnemy/Projectile/BP_Enemy_ProjectileOfficial.uasset" 580
"C:/Users/akhta/Capstone/Rokos_Basilisk/Game Code/Content/Enemies/RangedEnemy/Projectile/BP_Enemy_ProjectileOfficial.uexp" 581
"../../../Engine/Content/Animation/DefaultRecorderBoneCompression.uasset" 582
"../../../Engine/Content/Animation/DefaultRecorderBoneCompression.uexp" 583
"C:/Users/akhta/Capstone/Rokos_Basilisk/Game Code/Content/Enemies/RangedEnemy/AnimationStuff/SK_Mannequin_Sequence.uasset" 584
"C:/Users/akhta/Capstone/Rokos_Basilisk/Game Code/Content/Enemies/RangedEnemy/AnimationStuff/SK_Mannequin_Sequence.uexp" 585
"C:/Users/akhta/Capstone/Rokos_Basilisk/Game Code/Content/Enemies/RangedEnemy/AnimationStuff/AnimShoot.uasset" 586
"C:/Users/akhta/Capstone/Rokos_Basilisk/Game Code/Content/Enemies/RangedEnemy/AnimationStuff/AnimShoot.uexp" 587
"C:/Users/akhta/Capstone/Rokos_Basilisk/Game Code/Content/Enemies/RangedEnemy/ImportStuff/SK_AssaultRifle_PhysicsAsset.uasset" 588
"C:/Users/akhta/Capstone/Rokos_Basilisk/Game Code/Content/Enemies/RangedEnemy/ImportStuff/SK_AssaultRifle_PhysicsAsset.uexp" 589
"C:/Users/akhta/Capstone/Rokos_Basilisk/Game Code/Content/Enemies/RangedEnemy/ImportStuff/SK_AssaultRifle_Skeleton.uasset" 590
"C:/Users/akhta/Capstone/Rokos_Basilisk/Game Code/Content/Enemies/RangedEnemy/ImportStuff/SK_AssaultRifle_Skeleton.uexp" 591
"C:/Users/akhta/Capstone/Rokos_Basilisk/Game Code/Content/Enemies/RangedEnemy/ImportStuff/SK_AssaultRifle.uasset" 592
"C:/Users/akhta/Capstone/Rokos_Basilisk/Game Code/Content/Enemies/RangedEnemy/ImportStuff/SK_AssaultRifle.uexp" 593
"C:/Users/akhta/Capstone/Rokos_Basilisk/Game Code/Content/Enemies/RangedEnemy/AnimationStuff/Tutorial_Idle.uasset" 594
"C:/Users/akhta/Capstone/Rokos_Basilisk/Game Code/Content/Enemies/RangedEnemy/AnimationStuff/Tutorial_Idle.uexp" 595
"C:/Users/akhta/Capstone/Rokos_Basilisk/Game Code/Content/Enemies/RangedEnemy/AnimationStuff/Tutorial_Walk_Fwd.uasset" 596
"C:/Users/akhta/Capstone/Rokos_Basilisk/Game Code/Content/Enemies/RangedEnemy/AnimationStuff/Tutorial_Walk_Fwd.uexp" 597
"C:/Users/akhta/Capstone/Rokos_Basilisk/Game Code/Content/Enemies/RangedEnemy/AnimationStuff/RANGED_BODY.uasset" 598
"C:/Users/akhta/Capstone/Rokos_Basilisk/Game Code/Content/Enemies/RangedEnemy/AnimationStuff/RANGED_BODY.uexp" 599
"C:/Users/akhta/Capstone/Rokos_Basilisk/Game Code/Content/Enemies/RangedEnemy/BP_Basic_AI_Ranged.uasset" 600
"C:/Users/akhta/Capstone/Rokos_Basilisk/Game Code/Content/Enemies/RangedEnemy/BP_Basic_AI_Ranged.uexp" 601
"C:/Users/akhta/Capstone/Rokos_Basilisk/Game Code/Content/EnemySpawner/BP_ENEMYspawner.uasset" 602
"C:/Users/akhta/Capstone/Rokos_Basilisk/Game Code/Content/EnemySpawner/BP_ENEMYspawner.uexp" 603
"../../../Engine/Content/BasicShapes/BasicShapeMaterial.uasset" 604
"../../../Engine/Content/BasicShapes/BasicShapeMaterial.uexp" 605
"C:/Users/akhta/Capstone/Rokos_Basilisk/Game Code/Content/Prefabs/SM_prefab11_cross.uasset" 606
"C:/Users/akhta/Capstone/Rokos_Basilisk/Game Code/Content/Prefabs/SM_prefab11_cross.uexp" 607
"../../../Engine/Content/EngineMaterials/WorldGridMaterial.uasset" 608
"../../../Engine/Content/EngineMaterials/WorldGridMaterial.uexp" 609
"C:/Users/akhta/Capstone/Rokos_Basilisk/Game Code/Content/Prefabs/SM_prefab1_shortHall.uasset" 610
"C:/Users/akhta/Capstone/Rokos_Basilisk/Game Code/Content/Prefabs/SM_prefab1_shortHall.uexp" 611
"C:/Users/akhta/Capstone/Rokos_Basilisk/Game Code/Content/Prefabs/SM_prefab17_arenaPit.uasset" 612
"C:/Users/akhta/Capstone/Rokos_Basilisk/Game Code/Content/Prefabs/SM_prefab17_arenaPit.uexp" 613
"C:/Users/akhta/Capstone/Rokos_Basilisk/Game Code/Content/PCGExtractInfo.uasset" 614
"C:/Users/akhta/Capstone/Rokos_Basilisk/Game Code/Content/PCGExtractInfo.uexp" 615
"C:/Users/akhta/Capstone/Rokos_Basilisk/Game Code/Content/Prefabs/SM_prefab18_arenaObstacles.uasset" 616
"C:/Users/akhta/Capstone/Rokos_Basilisk/Game Code/Content/Prefabs/SM_prefab18_arenaObstacles.uexp" 617
"C:/Users/akhta/Capstone/Rokos_Basilisk/Game Code/Content/Prefabs/SM_prefab19_arenaHall.uasset" 618
"C:/Users/akhta/Capstone/Rokos_Basilisk/Game Code/Content/Prefabs/SM_prefab19_arenaHall.uexp" 619
"C:/Users/akhta/Capstone/Rokos_Basilisk/Game Code/Content/Prefabs/SM_prefab27_modelingCylinderPit.uasset" 620
"C:/Users/akhta/Capstone/Rokos_Basilisk/Game Code/Content/Prefabs/SM_prefab27_modelingCylinderPit.uexp" 621
"C:/Users/akhta/Capstone/Rokos_Basilisk/Game Code/Content/Prefabs/SM_prefab25_mazeDontRush.uasset" 622
"C:/Users/akhta/Capstone/Rokos_Basilisk/Game Code/Content/Prefabs/SM_prefab25_mazeDontRush.uexp" 623
"C:/Users/akhta/Capstone/Rokos_Basilisk/Game Code/Content/Prefabs/SM_prefab10_triangleObstacle.uasset" 624
"C:/Users/akhta/Capstone/Rokos_Basilisk/Game Code/Content/Prefabs/SM_prefab10_triangleObstacle.uexp" 625
"C:/Users/akhta/Capstone/Rokos_Basilisk/Game Code/Content/Prefabs/SM_prefab2_longHall.uasset" 626
"C:/Users/akhta/Capstone/Rokos_Basilisk/Game Code/Content/Prefabs/SM_prefab2_longHall.uexp" 627
"C:/Users/akhta/Capstone/Rokos_Basilisk/Game Code/Content/Prefabs/SM_prefab7_choosePath4.uasset" 628
"C:/Users/akhta/Capstone/Rokos_Basilisk/Game Code/Content/Prefabs/SM_prefab7_choosePath4.uexp" 629
"C:/Users/akhta/Capstone/Rokos_Basilisk/Game Code/Content/Prefabs/SM_prefab24_mazeAGGGHHHHHH.uasset" 630
"C:/Users/akhta/Capstone/Rokos_Basilisk/Game Code/Content/Prefabs/SM_prefab24_mazeAGGGHHHHHH.uexp" 631
"C:/Users/akhta/Capstone/Rokos_Basilisk/Game Code/Content/Prefabs/SM_prefab15_jumpForIt.uasset" 632
"C:/Users/akhta/Capstone/Rokos_Basilisk/Game Code/Content/Prefabs/SM_prefab15_jumpForIt.uexp" 633
"C:/Users/akhta/Capstone/Rokos_Basilisk/Game Code/Content/Prefabs/SM_prefab9_triangle.uasset" 634
"C:/Users/akhta/Capstone/Rokos_Basilisk/Game Code/Content/Prefabs/SM_prefab9_triangle.uexp" 635
"C:/Users/akhta/Capstone/Rokos_Basilisk/Game Code/Content/Prefabs/SM_prefab16_arenaClimb.uasset" 636
"C:/Users/akhta/Capstone/Rokos_Basilisk/Game Code/Content/Prefabs/SM_prefab16_arenaClimb.uexp" 637
"C:/Users/akhta/Capstone/Rokos_Basilisk/Game Code/Content/Prefabs/SM_prefab3_nHall.uasset" 638
"C:/Users/akhta/Capstone/Rokos_Basilisk/Game Code/Content/Prefabs/SM_prefab3_nHall.uexp" 639
"C:/Users/akhta/Capstone/Rokos_Basilisk/Game Code/Content/Prefabs/SM_prefab13_ledgeTall.uasset" 640
"C:/Users/akhta/Capstone/Rokos_Basilisk/Game Code/Content/Prefabs/SM_prefab13_ledgeTall.uexp" 641
"C:/Users/akhta/Capstone/Rokos_Basilisk/Game Code/Content/Prefabs/SM_endPiece.uasset" 642
"C:/Users/akhta/Capstone/Rokos_Basilisk/Game Code/Content/Prefabs/SM_endPiece.uexp" 643
"C:/Users/akhta/Capstone/Rokos_Basilisk/Game Code/Content/Prefabs/SM_prefab28_spiralStairs.uasset" 644
"C:/Users/akhta/Capstone/Rokos_Basilisk/Game Code/Content/Prefabs/SM_prefab28_spiralStairs.uexp" 645
"C:/Users/akhta/Capstone/Rokos_Basilisk/Game Code/Content/Prefabs/SM_prefab8_longWinding.uasset" 646
"C:/Users/akhta/Capstone/Rokos_Basilisk/Game Code/Content/Prefabs/SM_prefab8_longWinding.uexp" 647
"C:/Users/akhta/Capstone/Rokos_Basilisk/Game Code/Content/Prefabs/SM_prefab21_mazeSpiral.uasset" 648
"C:/Users/akhta/Capstone/Rokos_Basilisk/Game Code/Content/Prefabs/SM_prefab21_mazeSpiral.uexp" 649
"C:/Users/akhta/Capstone/Rokos_Basilisk/Game Code/Content/Prefabs/SM_prefab6_square.uasset" 650
"C:/Users/akhta/Capstone/Rokos_Basilisk/Game Code/Content/Prefabs/SM_prefab6_square.uexp" 651
"C:/Users/akhta/Capstone/Rokos_Basilisk/Game Code/Content/Prefabs/SM_prefab5_circleObstacle.uasset" 652
"C:/Users/akhta/Capstone/Rokos_Basilisk/Game Code/Content/Prefabs/SM_prefab5_circleObstacle.uexp" 653
"C:/Users/akhta/Capstone/Rokos_Basilisk/Game Code/Content/Prefabs/SM_prefab22_mazeStandard.uasset" 654
"C:/Users/akhta/Capstone/Rokos_Basilisk/Game Code/Content/Prefabs/SM_prefab22_mazeStandard.uexp" 655
"C:/Users/akhta/Capstone/Rokos_Basilisk/Game Code/Content/Prefabs/SM_prefab30_modelingPlayingWithShapes.uasset" 656
"C:/Users/akhta/Capstone/Rokos_Basilisk/Game Code/Content/Prefabs/SM_prefab30_modelingPlayingWithShapes.uexp" 657
"C:/Users/akhta/Capstone/Rokos_Basilisk/Game Code/Content/Prefabs/SM_prefab14_upAndDown.uasset" 658
"C:/Users/akhta/Capstone/Rokos_Basilisk/Game Code/Content/Prefabs/SM_prefab14_upAndDown.uexp" 659
"C:/Users/akhta/Capstone/Rokos_Basilisk/Game Code/Content/Prefabs/SM_prefab12_ledge.uasset" 660
"C:/Users/akhta/Capstone/Rokos_Basilisk/Game Code/Content/Prefabs/SM_prefab12_ledge.uexp" 661
"C:/Users/akhta/Capstone/Rokos_Basilisk/Game Code/Content/Prefabs/SM_prefab26_modelingArch.uasset" 662
"C:/Users/akhta/Capstone/Rokos_Basilisk/Game Code/Content/Prefabs/SM_prefab26_modelingArch.uexp" 663
"C:/Users/akhta/Capstone/Rokos_Basilisk/Game Code/Content/Prefabs/SM_prefab23_mazeJump.uasset" 664
"C:/Users/akhta/Capstone/Rokos_Basilisk/Game Code/Content/Prefabs/SM_prefab23_mazeJump.uexp" 665
"C:/Users/akhta/Capstone/Rokos_Basilisk/Game Code/Content/Prefabs/SM_prefab29_modelingPitTraverse.uasset" 666
"C:/Users/akhta/Capstone/Rokos_Basilisk/Game Code/Content/Prefabs/SM_prefab29_modelingPitTraverse.uexp" 667
"C:/Users/akhta/Capstone/Rokos_Basilisk/Game Code/Content/Prefabs/SM_prefab4_circle.uasset" 668
"C:/Users/akhta/Capstone/Rokos_Basilisk/Game Code/Content/Prefabs/SM_prefab4_circle.uexp" 669
"C:/Users/akhta/Capstone/Rokos_Basilisk/Game Code/Content/Prefabs/SM_prefab20_arenaEmpty.uasset" 670
"C:/Users/akhta/Capstone/Rokos_Basilisk/Game Code/Content/Prefabs/SM_prefab20_arenaEmpty.uexp" 671
"C:/Users/akhta/Capstone/Rokos_Basilisk/Game Code/Content/PCGToCreateLevel.uasset" 672
"C:/Users/akhta/Capstone/Rokos_Basilisk/Game Code/Content/PCGToCreateLevel.uexp" 673
"C:/Users/akhta/Capstone/Rokos_Basilisk/Game Code/Content/GenerationLine.uasset" 674
"C:/Users/akhta/Capstone/Rokos_Basilisk/Game Code/Content/GenerationLine.uexp" 675
"C:/Users/akhta/Capstone/Rokos_Basilisk/Game Code/Content/Prefabs/SmallSegment.ubulk" 676
"C:/Users/akhta/Capstone/Rokos_Basilisk/Game Code/Content/Prefabs/SmallSegment.uasset" 677
"C:/Users/akhta/Capstone/Rokos_Basilisk/Game Code/Content/Prefabs/SmallSegment.uexp" 678
"C:/Users/akhta/Capstone/Rokos_Basilisk/Game Code/Content/Tools/BP_SplineWall.uasset" 679
"C:/Users/akhta/Capstone/Rokos_Basilisk/Game Code/Content/Tools/BP_SplineWall.uexp" 680
"../../../Engine/Content/EngineResources/DefaultTextureCube.uasset" 681
"../../../Engine/Content/EngineResources/DefaultTextureCube.uexp" 682
"../../../Engine/Content/EngineResources/DefaultVolumeTexture2D.uasset" 683
"../../../Engine/Content/EngineResources/DefaultVolumeTexture2D.uexp" 684
"../../../Engine/Content/EngineResources/DefaultVolumeTexture.uasset" 685
"../../../Engine/Content/EngineResources/DefaultVolumeTexture.uexp" 686
"../../../Engine/Content/EngineMeshes/Sphere.ubulk" 687
"../../../Engine/Content/EngineMeshes/Sphere.uasset" 688
"../../../Engine/Content/EngineMeshes/Sphere.uexp" 689
"../../../Engine/Plugins/NNE/NNEDenoiser/Content/NNEDTOM_Output_Default.uasset" 690
"../../../Engine/Plugins/NNE/NNEDenoiser/Content/NNEDTOM_Output_Default.uexp" 691
"../../../Engine/Plugins/NNE/NNEDenoiser/Content/NNEDTOM_Output_Alpha.uasset" 692
"../../../Engine/Plugins/NNE/NNEDenoiser/Content/NNEDTOM_Output_Alpha.uexp" 693
"../../../Engine/Plugins/NNE/NNEDenoiser/Content/NNEDTIM_ColorAlbedoNormal_Default.uasset" 694
"../../../Engine/Plugins/NNE/NNEDenoiser/Content/NNEDTIM_ColorAlbedoNormal_Default.uexp" 695
"../../../Engine/Plugins/NNE/NNEDenoiser/Content/NNEDTIM_ColorAlbedoNormal_Alpha.uasset" 696
"../../../Engine/Plugins/NNE/NNEDenoiser/Content/NNEDTIM_ColorAlbedoNormal_Alpha.uexp" 697
"../../../Engine/Plugins/NNE/NNEDenoiser/Content/NNEDOM_Output_Default.uasset" 698
"../../../Engine/Plugins/NNE/NNEDenoiser/Content/NNEDOM_Output_Default.uexp" 699
"../../../Engine/Plugins/NNE/NNEDenoiser/Content/NNEDOM_Output_Alpha.uasset" 700
"../../../Engine/Plugins/NNE/NNEDenoiser/Content/NNEDOM_Output_Alpha.uexp" 701
"../../../Engine/Plugins/NNE/NNEDenoiser/Content/NNEDIM_HighQuality_Default.uasset" 702
"../../../Engine/Plugins/NNE/NNEDenoiser/Content/NNEDIM_HighQuality_Default.uexp" 703
"../../../Engine/Plugins/NNE/NNEDenoiser/Content/NNEDIM_HighQuality_Alpha.uasset" 704
"../../../Engine/Plugins/NNE/NNEDenoiser/Content/NNEDIM_HighQuality_Alpha.uexp" 705
"../../../Engine/Plugins/NNE/NNEDenoiser/Content/NNEDIM_ColorAlbedoNormal_Default.uasset" 706
"../../../Engine/Plugins/NNE/NNEDenoiser/Content/NNEDIM_ColorAlbedoNormal_Default.uexp" 707
"../../../Engine/Plugins/NNE/NNEDenoiser/Content/NNEDIM_ColorAlbedoNormal_Alpha.uasset" 708
"../../../Engine/Plugins/NNE/NNEDenoiser/Content/NNEDIM_ColorAlbedoNormal_Alpha.uexp" 709
"../../../Engine/Plugins/Media/MediaPlate/Content/SM_MediaPlateScreen.ubulk" 710
"../../../Engine/Plugins/Media/MediaPlate/Content/SM_MediaPlateScreen.uasset" 711
"../../../Engine/Plugins/Media/MediaPlate/Content/SM_MediaPlateScreen.uexp" 712
"../../../Engine/Content/Functions/Engine_MaterialFunctions02/WorldPositionOffset/CameraOffset.uasset" 713
"../../../Engine/Content/Functions/Engine_MaterialFunctions02/WorldPositionOffset/CameraOffset.uexp" 714
"../../../Engine/Plugins/Animation/ControlRig/Content/M_Manip.uasset" 715
"../../../Engine/Plugins/Animation/ControlRig/Content/M_Manip.uexp" 716
"../../../Engine/Plugins/2D/Paper2D/Content/DefaultSpriteMaterial.uasset" 717
"../../../Engine/Plugins/2D/Paper2D/Content/DefaultSpriteMaterial.uexp" 718
"../../../Engine/Plugins/2D/Paper2D/Content/OpaqueUnlitSpriteMaterial.uasset" 719
"../../../Engine/Plugins/2D/Paper2D/Content/OpaqueUnlitSpriteMaterial.uexp" 720
"../../../Engine/Plugins/2D/Paper2D/Content/MaskedUnlitSpriteMaterial.uasset" 721
"../../../Engine/Plugins/2D/Paper2D/Content/MaskedUnlitSpriteMaterial.uexp" 722
"../../../Engine/Content/EngineResources/WhiteSquareTexture.uasset" 723
"../../../Engine/Content/EngineResources/WhiteSquareTexture.uexp" 724
"../../../Engine/Content/EngineMaterials/Widget3DPassThrough.uasset" 725
"../../../Engine/Content/EngineMaterials/Widget3DPassThrough.uexp" 726
"../../../Engine/Content/EngineMaterials/Widget3DPassThrough_Translucent.uasset" 727
"../../../Engine/Content/EngineMaterials/Widget3DPassThrough_Translucent.uexp" 728
"../../../Engine/Content/EngineMaterials/Widget3DPassThrough_Translucent_OneSided.uasset" 729
"../../../Engine/Content/EngineMaterials/Widget3DPassThrough_Translucent_OneSided.uexp" 730
"../../../Engine/Content/EngineMaterials/Widget3DPassThrough_Opaque.uasset" 731
"../../../Engine/Content/EngineMaterials/Widget3DPassThrough_Opaque.uexp" 732
"../../../Engine/Content/EngineMaterials/Widget3DPassThrough_Opaque_OneSided.uasset" 733
"../../../Engine/Content/EngineMaterials/Widget3DPassThrough_Opaque_OneSided.uexp" 734
"../../../Engine/Content/EngineMaterials/Widget3DPassThrough_Masked_OneSided.uasset" 735
"../../../Engine/Content/EngineMaterials/Widget3DPassThrough_Masked_OneSided.uexp" 736
"../../../Engine/Content/EngineMaterials/Widget3DPassThrough_Masked.uasset" 737
"../../../Engine/Content/EngineMaterials/Widget3DPassThrough_Masked.uexp" 738
"../../../Engine/Content/EngineMaterials/WeightMapPlaceholderTexture.uasset" 739
"../../../Engine/Content/EngineMaterials/WeightMapPlaceholderTexture.uexp" 740
"../../../Engine/Content/EngineMaterials/WeightMapArrayPlaceholderTexture.uasset" 741
"../../../Engine/Content/EngineMaterials/WeightMapArrayPlaceholderTexture.uexp" 742
"../../../Engine/Content/EngineMaterials/RemoveSurfaceMaterial.uasset" 743
"../../../Engine/Content/EngineMaterials/RemoveSurfaceMaterial.uexp" 744
"../../../Engine/Content/EngineMaterials/DefaultCalibrationGrayscale.uasset" 745
"../../../Engine/Content/EngineMaterials/DefaultCalibrationGrayscale.uexp" 746
"../../../Engine/Content/EngineMaterials/PPM_DefaultCalibrationGrayscale.uasset" 747
"../../../Engine/Content/EngineMaterials/PPM_DefaultCalibrationGrayscale.uexp" 748
"../../../Engine/Content/EngineMaterials/DefaultCalibrationColor.uasset" 749
"../../../Engine/Content/EngineMaterials/DefaultCalibrationColor.uexp" 750
"../../../Engine/Content/EngineMaterials/PPM_DefaultCalibrationColor.uasset" 751
"../../../Engine/Content/EngineMaterials/PPM_DefaultCalibrationColor.uexp" 752
"../../../Engine/Content/EngineMaterials/PhAT_JointLimitMaterial.uasset" 753
"../../../Engine/Content/EngineMaterials/PhAT_JointLimitMaterial.uexp" 754
"../../../Engine/Content/EngineMaterials/NaniteHiddenSectionMaterial.uasset" 755
"../../../Engine/Content/EngineMaterials/NaniteHiddenSectionMaterial.uexp" 756
"../../../Engine/Content/EngineMaterials/InvalidLightmapSettings.ubulk" 757
"../../../Engine/Content/EngineMaterials/InvalidLightmapSettings.uasset" 758
"../../../Engine/Content/EngineMaterials/InvalidLightmapSettings.uexp" 759
"../../../Engine/Content/EngineMaterials/M_InvalidLightmapSettings.uasset" 760
"../../../Engine/Content/EngineMaterials/M_InvalidLightmapSettings.uexp" 761
"../../../Engine/Content/EngineMaterials/GizmoMaterial.uasset" 762
"../../../Engine/Content/EngineMaterials/GizmoMaterial.uexp" 763
"../../../Engine/Content/EngineMaterials/BaseFlattenEmissiveMap_VT.uasset" 764
"../../../Engine/Content/EngineMaterials/BaseFlattenEmissiveMap_VT.uexp" 765
"../../../Engine/Content/EngineMaterials/BaseFlattenGrayscaleMap_VT.uasset" 766
"../../../Engine/Content/EngineMaterials/BaseFlattenGrayscaleMap_VT.uexp" 767
"../../../Engine/Content/EngineMaterials/BaseFlattenLinearColor_VT.uasset" 768
"../../../Engine/Content/EngineMaterials/BaseFlattenLinearColor_VT.uexp" 769
"../../../Engine/Content/EngineMaterials/Black_1x1_EXR_Texture_VT.uasset" 770
"../../../Engine/Content/EngineMaterials/Black_1x1_EXR_Texture_VT.uexp" 771
"../../../Engine/Content/EngineMaterials/BaseFlattenDiffuseMap_VT.uasset" 772
"../../../Engine/Content/EngineMaterials/BaseFlattenDiffuseMap_VT.uexp" 773
"../../../Engine/Content/EngineMaterials/BaseFlattenNormalMap_VT.uasset" 774
"../../../Engine/Content/EngineMaterials/BaseFlattenNormalMap_VT.uexp" 775
"../../../Engine/Content/EngineMaterials/FlattenMaterial_WS_Normal_VT.uasset" 776
"../../../Engine/Content/EngineMaterials/FlattenMaterial_WS_Normal_VT.uexp" 777
"../../../Engine/Content/EngineMaterials/FlattenMaterial_VT.uasset" 778
"../../../Engine/Content/EngineMaterials/FlattenMaterial_VT.uexp" 779
"../../../Engine/Content/EngineMaterials/BaseFlattenNormalMap.uasset" 780
"../../../Engine/Content/EngineMaterials/BaseFlattenNormalMap.uexp" 781
"../../../Engine/Content/EngineMaterials/BaseFlattenGrayscaleMap.uasset" 782
"../../../Engine/Content/EngineMaterials/BaseFlattenGrayscaleMap.uexp" 783
"../../../Engine/Content/EngineMaterials/BaseFlattenDiffuseMap.uasset" 784
"../../../Engine/Content/EngineMaterials/BaseFlattenDiffuseMap.uexp" 785
"../../../Engine/Content/Functions/Engine_MaterialFunctions02/PivotPainter2/Black_1x1_EXR_Texture.uasset" 786
"../../../Engine/Content/Functions/Engine_MaterialFunctions02/PivotPainter2/Black_1x1_EXR_Texture.uexp" 787
"../../../Engine/Content/EngineMaterials/BaseFlattenEmissiveMap.uasset" 788
"../../../Engine/Content/EngineMaterials/BaseFlattenEmissiveMap.uexp" 789
"../../../Engine/Content/EngineMaterials/BaseFlattenLinearColor.uasset" 790
"../../../Engine/Content/EngineMaterials/BaseFlattenLinearColor.uexp" 791
"../../../Engine/Content/EngineMaterials/FlattenMaterial.uasset" 792
"../../../Engine/Content/EngineMaterials/FlattenMaterial.uexp" 793
"../../../Engine/Content/EngineMaterials/DefaultWhiteGrid_Low.uasset" 794
"../../../Engine/Content/EngineMaterials/DefaultWhiteGrid_Low.uexp" 795
"../../../Engine/Content/EngineMaterials/EmissiveMeshMaterial.uasset" 796
"../../../Engine/Content/EngineMaterials/EmissiveMeshMaterial.uexp" 797
"../../../Engine/Content/EngineFonts/RobotoDistanceField.uasset" 798
"../../../Engine/Content/EngineFonts/RobotoDistanceField.uexp" 799
"../../../Engine/Content/EngineMaterials/DefaultTextMaterialOpaque.uasset" 800
"../../../Engine/Content/EngineMaterials/DefaultTextMaterialOpaque.uexp" 801
"../../../Engine/Content/EngineMaterials/DefaultDiffuse.ubulk" 802
"../../../Engine/Content/EngineMaterials/DefaultDiffuse.uasset" 803
"../../../Engine/Content/EngineMaterials/DefaultDiffuse.uexp" 804
"../../../Engine/Content/EngineMaterials/DefaultPostProcessMaterial.uasset" 805
"../../../Engine/Content/EngineMaterials/DefaultPostProcessMaterial.uexp" 806
"../../../Engine/Content/EngineMaterials/DefaultLightFunctionMaterial.uasset" 807
"../../../Engine/Content/EngineMaterials/DefaultLightFunctionMaterial.uexp" 808
"../../../Engine/Content/EngineMaterials/DefaultDeferredDecalMaterial.uasset" 809
"../../../Engine/Content/EngineMaterials/DefaultDeferredDecalMaterial.uexp" 810
"../../../Engine/Content/EngineDebugMaterials/VolumeToRender.uasset" 811
"../../../Engine/Content/EngineDebugMaterials/VolumeToRender.uexp" 812
"../../../Engine/Content/EngineDebugMaterials/M_VolumeRenderSphereTracePP.uasset" 813
"../../../Engine/Content/EngineDebugMaterials/M_VolumeRenderSphereTracePP.uexp" 814
"../../../Engine/Content/EngineDebugMaterials/M_SimpleUnlitTranslucent.uasset" 815
"../../../Engine/Content/EngineDebugMaterials/M_SimpleUnlitTranslucent.uexp" 816
"../../../Engine/Content/EngineDebugMaterials/DebugMeshMaterial.uasset" 817
"../../../Engine/Content/EngineDebugMaterials/DebugMeshMaterial.uexp" 818
"../../../Engine/Content/EngineDebugMaterials/DebugEditorMaterial.uasset" 819
"../../../Engine/Content/EngineDebugMaterials/DebugEditorMaterial.uexp" 820
"../../../Engine/Content/EditorMaterials/PreviewShadowIndicator.ubulk" 821
"../../../Engine/Content/EditorMaterials/PreviewShadowIndicator.uasset" 822
"../../../Engine/Content/EditorMaterials/PreviewShadowIndicator.uexp" 823
"../../../Engine/Content/EditorMaterials/PreviewShadowIndicatorMaterial.uasset" 824
"../../../Engine/Content/EditorMaterials/PreviewShadowIndicatorMaterial.uexp" 825
"../../../Engine/Content/EditorMaterials/PhAT_UnselectedMaterial.uasset" 826
"../../../Engine/Content/EditorMaterials/PhAT_UnselectedMaterial.uexp" 827
"../../../Engine/Content/EditorMaterials/PhAT_NoCollisionMaterial.uasset" 828
"../../../Engine/Content/EditorMaterials/PhAT_NoCollisionMaterial.uexp" 829
"../../../Engine/Content/EditorLandscapeResources/SplineEditorMeshMat.uasset" 830
"../../../Engine/Content/EditorLandscapeResources/SplineEditorMeshMat.uexp" 831
"../../../Engine/Content/EditorLandscapeResources/SplineEditorMesh.ubulk" 832
"../../../Engine/Content/EditorLandscapeResources/SplineEditorMesh.uasset" 833
"../../../Engine/Content/EditorLandscapeResources/SplineEditorMesh.uexp" 834
"../../../Engine/Content/BasicShapes/Plane.ubulk" 835
"../../../Engine/Content/BasicShapes/Plane.uasset" 836
"../../../Engine/Content/BasicShapes/Plane.uexp" 837
"../../../Engine/Content/BasicShapes/Cylinder.ubulk" 838
"../../../Engine/Content/BasicShapes/Cylinder.uasset" 839
"../../../Engine/Content/BasicShapes/Cylinder.uexp" 840
"../../../Engine/Content/BasicShapes/Cube.ubulk" 841
"../../../Engine/Content/BasicShapes/Cube.uasset" 842
"../../../Engine/Content/BasicShapes/Cube.uexp" 843
"../../../Engine/Content/BasicShapes/Cone.ubulk" 844
"../../../Engine/Content/BasicShapes/Cone.uasset" 845
"../../../Engine/Content/BasicShapes/Cone.uexp" 846
"../../../Engine/Plugins/Runtime/MeshModelingToolset/Content/Materials/M_DynamicMeshComponentVtxColor.uasset" 847
"../../../Engine/Plugins/Runtime/MeshModelingToolset/Content/Materials/M_DynamicMeshComponentVtxColor.uexp" 848
"../../../Engine/Plugins/Runtime/HairStrands/Content/Materials/HairMeshesDefaultMaterial.uasset" 849
"../../../Engine/Plugins/Runtime/HairStrands/Content/Materials/HairMeshesDefaultMaterial.uexp" 850
"../../../Engine/Plugins/Runtime/HairStrands/Content/Materials/HairDefaultMaterial.uasset" 851
"../../../Engine/Plugins/Runtime/HairStrands/Content/Materials/HairDefaultMaterial.uexp" 852
"../../../Engine/Plugins/Runtime/HairStrands/Content/Materials/HairGroupColors.uasset" 853
"../../../Engine/Plugins/Runtime/HairStrands/Content/Materials/HairGroupColors.uexp" 854
"../../../Engine/Content/Functions/Engine_MaterialFunctions02/Utility/MakeFloat2.uasset" 855
"../../../Engine/Content/Functions/Engine_MaterialFunctions02/Utility/MakeFloat2.uexp" 856
"../../../Engine/Content/EngineMaterials/HairColorMap.uasset" 857
"../../../Engine/Content/EngineMaterials/HairColorMap.uexp" 858
"../../../Engine/Content/EngineMaterials/HairDebugColor.uasset" 859
"../../../Engine/Content/EngineMaterials/HairDebugColor.uexp" 860
"../../../Engine/Plugins/Runtime/HairStrands/Content/Materials/HairDebugMaterial.uasset" 861
"../../../Engine/Plugins/Runtime/HairStrands/Content/Materials/HairDebugMaterial.uexp" 862
"../../../Engine/Plugins/Runtime/HairStrands/Content/Materials/HairCardsDefaultMaterial.uasset" 863
"../../../Engine/Plugins/Runtime/HairStrands/Content/Materials/HairCardsDefaultMaterial.uexp" 864
"../../../Engine/Content/Functions/Engine_MaterialFunctions02/Texturing/CustomRotator.uasset" 865
"../../../Engine/Content/Functions/Engine_MaterialFunctions02/Texturing/CustomRotator.uexp" 866
"../../../Engine/Plugins/Runtime/AudioWidgets/Content/AudioMaterialSlate/Functions/MF_SingleLine_Smooth.uasset" 867
"../../../Engine/Plugins/Runtime/AudioWidgets/Content/AudioMaterialSlate/Functions/MF_SingleLine_Smooth.uexp" 868
"../../../Engine/Plugins/Runtime/AudioWidgets/Content/AudioMaterialSlate/Functions/MF_AngleGradient.uasset" 869
"../../../Engine/Plugins/Runtime/AudioWidgets/Content/AudioMaterialSlate/Functions/MF_AngleGradient.uexp" 870
"../../../Engine/Plugins/Runtime/AudioWidgets/Content/AudioMaterialSlate/Functions/MF_SingleLine.uasset" 871
"../../../Engine/Plugins/Runtime/AudioWidgets/Content/AudioMaterialSlate/Functions/MF_SingleLine.uexp" 872
"../../../Engine/Content/Functions/Engine_MaterialFunctions01/Gradient/SphereGradient-2D.uasset" 873
"../../../Engine/Content/Functions/Engine_MaterialFunctions01/Gradient/SphereGradient-2D.uexp" 874
"../../../Engine/Plugins/Runtime/AudioWidgets/Content/AudioMaterialSlate/M_AudioMaterialToggleButton.uasset" 875
"../../../Engine/Plugins/Runtime/AudioWidgets/Content/AudioMaterialSlate/M_AudioMaterialToggleButton.uexp" 876
"../../../Engine/Plugins/Runtime/AudioWidgets/Content/AudioMaterialSlate/MI_AudioMaterialToggleButton.uasset" 877
"../../../Engine/Plugins/Runtime/AudioWidgets/Content/AudioMaterialSlate/MI_AudioMaterialToggleButton.uexp" 878
"../../../Engine/Content/Functions/Engine_MaterialFunctions02/Utility/VectorLength.uasset" 879
"../../../Engine/Content/Functions/Engine_MaterialFunctions02/Utility/VectorLength.uexp" 880
"../../../Engine/Content/Functions/Engine_MaterialFunctions01/Gradient/GeneratedRoundRect.uasset" 881
"../../../Engine/Content/Functions/Engine_MaterialFunctions01/Gradient/GeneratedRoundRect.uexp" 882
"../../../Engine/Plugins/Runtime/AudioWidgets/Content/AudioMaterialSlate/M_AudioMaterialRoundedSlider.uasset" 883
"../../../Engine/Plugins/Runtime/AudioWidgets/Content/AudioMaterialSlate/M_AudioMaterialRoundedSlider.uexp" 884
"../../../Engine/Plugins/Runtime/AudioWidgets/Content/AudioMaterialSlate/MI_AudioMaterialRoundedSlider.uasset" 885
"../../../Engine/Plugins/Runtime/AudioWidgets/Content/AudioMaterialSlate/MI_AudioMaterialRoundedSlider.uexp" 886
"../../../Engine/Plugins/Runtime/AudioWidgets/Content/AudioMaterialSlate/Functions/MF_Lines.uasset" 887
"../../../Engine/Plugins/Runtime/AudioWidgets/Content/AudioMaterialSlate/Functions/MF_Lines.uexp" 888
"../../../Engine/Content/Functions/Engine_MaterialFunctions02/Lerp_3Color.uasset" 889
"../../../Engine/Content/Functions/Engine_MaterialFunctions02/Lerp_3Color.uexp" 890
"../../../Engine/Plugins/Runtime/AudioWidgets/Content/AudioMaterialSlate/M_AudioMaterialMeter.uasset" 891
"../../../Engine/Plugins/Runtime/AudioWidgets/Content/AudioMaterialSlate/M_AudioMaterialMeter.uexp" 892
"../../../Engine/Plugins/Runtime/AudioWidgets/Content/AudioMaterialSlate/MI_AudioMaterialMeter.uasset" 893
"../../../Engine/Plugins/Runtime/AudioWidgets/Content/AudioMaterialSlate/MI_AudioMaterialMeter.uexp" 894
"../../../Engine/Plugins/Runtime/AudioWidgets/Content/AudioMaterialSlate/M_AudioMaterialKnob.uasset" 895
"../../../Engine/Plugins/Runtime/AudioWidgets/Content/AudioMaterialSlate/M_AudioMaterialKnob.uexp" 896
"../../../Engine/Plugins/Runtime/AudioWidgets/Content/AudioMaterialSlate/MI_AudioMaterialKnob.uasset" 897
"../../../Engine/Plugins/Runtime/AudioWidgets/Content/AudioMaterialSlate/MI_AudioMaterialKnob.uexp" 898
"../../../Engine/Plugins/Runtime/AudioWidgets/Content/AudioMaterialSlate/Functions/MF_DotOutlined.uasset" 899
"../../../Engine/Plugins/Runtime/AudioWidgets/Content/AudioMaterialSlate/Functions/MF_DotOutlined.uexp" 900
"../../../Engine/Plugins/Runtime/AudioWidgets/Content/AudioMaterialSlate/M_AudioMaterialEnvelope_ADSR.uasset" 901
"../../../Engine/Plugins/Runtime/AudioWidgets/Content/AudioMaterialSlate/M_AudioMaterialEnvelope_ADSR.uexp" 902
"../../../Engine/Plugins/Runtime/AudioWidgets/Content/AudioMaterialSlate/MI_AudioMaterialEnvelope_ADSR.uasset" 903
"../../../Engine/Plugins/Runtime/AudioWidgets/Content/AudioMaterialSlate/MI_AudioMaterialEnvelope_ADSR.uexp" 904
"../../../Engine/Plugins/Interchange/Assets/Content/Functions/MX_UsdPreviewSurface.uasset" 905
"../../../Engine/Plugins/Interchange/Assets/Content/Functions/MX_UsdPreviewSurface.uexp" 906
"../../../Engine/Plugins/Interchange/Assets/Content/Functions/MX_UniformEDF.uasset" 907
"../../../Engine/Plugins/Interchange/Assets/Content/Functions/MX_UniformEDF.uexp" 908
"../../../Engine/Plugins/Interchange/Assets/Content/Functions/MX_TranslucentBSDF.uasset" 909
"../../../Engine/Plugins/Interchange/Assets/Content/Functions/MX_TranslucentBSDF.uexp" 910
"../../../Engine/Plugins/Interchange/Assets/Content/Functions/MX_ThinFilmBSDF.uasset" 911
"../../../Engine/Plugins/Interchange/Assets/Content/Functions/MX_ThinFilmBSDF.uexp" 912
"../../../Engine/Plugins/Interchange/Assets/Content/Functions/MX_SurfaceUnlit.uasset" 913
"../../../Engine/Plugins/Interchange/Assets/Content/Functions/MX_SurfaceUnlit.uexp" 914
"../../../Engine/Plugins/Interchange/Assets/Content/Functions/MX_Surface.uasset" 915
"../../../Engine/Plugins/Interchange/Assets/Content/Functions/MX_Surface.uexp" 916
"../../../Engine/Plugins/Interchange/Assets/Content/Functions/MX_SubsurfaceBSDF.uasset" 917
"../../../Engine/Plugins/Interchange/Assets/Content/Functions/MX_SubsurfaceBSDF.uexp" 918
"../../../Engine/Plugins/Interchange/Assets/Content/Functions/MX_SheenBSDF.uasset" 919
"../../../Engine/Plugins/Interchange/Assets/Content/Functions/MX_SheenBSDF.uexp" 920
"../../../Engine/Plugins/Interchange/Assets/Content/Functions/MX_OrenNayarBSDF.uasset" 921
"../../../Engine/Plugins/Interchange/Assets/Content/Functions/MX_OrenNayarBSDF.uexp" 922
"../../../Engine/Plugins/Interchange/Assets/Content/Functions/MX_StandardSurface.uasset" 923
"../../../Engine/Plugins/Interchange/Assets/Content/Functions/MX_StandardSurface.uexp" 924
"../../../Engine/Plugins/Interchange/Assets/Content/Functions/MX_TransmissionSurface.uasset" 925
"../../../Engine/Plugins/Interchange/Assets/Content/Functions/MX_TransmissionSurface.uexp" 926
"../../../Engine/Plugins/Interchange/Assets/Content/Functions/MX_OpenPBR_Translucent.uasset" 927
"../../../Engine/Plugins/Interchange/Assets/Content/Functions/MX_OpenPBR_Translucent.uexp" 928
"../../../Engine/Plugins/Interchange/Assets/Content/Functions/MX_OpenPBR_Opaque.uasset" 929
"../../../Engine/Plugins/Interchange/Assets/Content/Functions/MX_OpenPBR_Opaque.uexp" 930
"../../../Engine/Plugins/Interchange/Assets/Content/Functions/MX_MeasuredEDF.uasset" 931
"../../../Engine/Plugins/Interchange/Assets/Content/Functions/MX_MeasuredEDF.uexp" 932
"../../../Engine/Plugins/Interchange/Assets/Content/Functions/MX_GeneralizedSchlickBSDF.uasset" 933
"../../../Engine/Plugins/Interchange/Assets/Content/Functions/MX_GeneralizedSchlickBSDF.uexp" 934
"../../../Engine/Plugins/Interchange/Assets/Content/Functions/MX_DielectricBSDF.uasset" 935
"../../../Engine/Plugins/Interchange/Assets/Content/Functions/MX_DielectricBSDF.uexp" 936
"../../../Engine/Plugins/Interchange/Assets/Content/Functions/MX_ConicalEDF.uasset" 937
"../../../Engine/Plugins/Interchange/Assets/Content/Functions/MX_ConicalEDF.uexp" 938
"../../../Engine/Plugins/Interchange/Assets/Content/Functions/MX_ConductorBSDF.uasset" 939
"../../../Engine/Plugins/Interchange/Assets/Content/Functions/MX_ConductorBSDF.uexp" 940
"../../../Engine/Plugins/Interchange/Assets/Content/Functions/MX_BurleyDiffuseBSDF.uasset" 941
"../../../Engine/Plugins/Interchange/Assets/Content/Functions/MX_BurleyDiffuseBSDF.uexp" 942
"../../../Engine/Plugins/Interchange/Assets/Content/Functions/MX_AnisotropicVDF.uasset" 943
"../../../Engine/Plugins/Interchange/Assets/Content/Functions/MX_AnisotropicVDF.uexp" 944
"../../../Engine/Plugins/Interchange/Assets/Content/Functions/MX_AbsorptionVDF.uasset" 945
"../../../Engine/Plugins/Interchange/Assets/Content/Functions/MX_AbsorptionVDF.uexp" 946
"../../../Engine/Plugins/Editor/SpeedTreeImporter/Content/SpeedTree9/game_wind_noise.ubulk" 947
"../../../Engine/Plugins/Editor/SpeedTreeImporter/Content/SpeedTree9/game_wind_noise.uasset" 948
"../../../Engine/Plugins/Editor/SpeedTreeImporter/Content/SpeedTree9/game_wind_noise.uexp" 949
"../../../Engine/Plugins/Editor/SpeedTreeImporter/Content/SpeedTree9/UnpackDirection.uasset" 950
"../../../Engine/Plugins/Editor/SpeedTreeImporter/Content/SpeedTree9/UnpackDirection.uexp" 951
"../../../Engine/Content/Functions/Engine_MaterialFunctions02/ObjectLocalBounds.uasset" 952
"../../../Engine/Content/Functions/Engine_MaterialFunctions02/ObjectLocalBounds.uexp" 953
"../../../Engine/Content/Functions/Engine_MaterialFunctions02/UVs/BoundingBoxBased_0-1_UVW.uasset" 954
"../../../Engine/Content/Functions/Engine_MaterialFunctions02/UVs/BoundingBoxBased_0-1_UVW.uexp" 955
"../../../Engine/Plugins/Editor/SpeedTreeImporter/Content/SpeedTree9/UnpackInteger3.uasset" 956
"../../../Engine/Plugins/Editor/SpeedTreeImporter/Content/SpeedTree9/UnpackInteger3.uexp" 957
"../../../Engine/Plugins/Editor/SpeedTreeImporter/Content/SpeedTree9/SpeedTreeCameraFacing.uasset" 958
"../../../Engine/Plugins/Editor/SpeedTreeImporter/Content/SpeedTree9/SpeedTreeCameraFacing.uexp" 959
"../../../Engine/Content/Functions/Engine_MaterialFunctions02/WorldPositionOffset/ObjectScale.uasset" 960
"../../../Engine/Content/Functions/Engine_MaterialFunctions02/WorldPositionOffset/ObjectScale.uexp" 961
"../../../Engine/Content/Functions/Engine_MaterialFunctions02/SafeNormalize.uasset" 962
"../../../Engine/Content/Functions/Engine_MaterialFunctions02/SafeNormalize.uexp" 963
"../../../Engine/Plugins/Editor/SpeedTreeImporter/Content/SpeedTree9/SpeedTreeWindMotion.uasset" 964
"../../../Engine/Plugins/Editor/SpeedTreeImporter/Content/SpeedTree9/SpeedTreeWindMotion.uexp" 965
"../../../Engine/Plugins/Editor/SpeedTreeImporter/Content/SpeedTree9/SpeedTreeBranchMotion.uasset" 966
"../../../Engine/Plugins/Editor/SpeedTreeImporter/Content/SpeedTree9/SpeedTreeBranchMotion.uexp" 967
"../../../Engine/Plugins/Editor/SpeedTreeImporter/Content/SpeedTree9/SpeedTreeWind.uasset" 968
"../../../Engine/Plugins/Editor/SpeedTreeImporter/Content/SpeedTree9/SpeedTreeWind.uexp" 969
"../../../Engine/Plugins/Editor/SpeedTreeImporter/Content/SpeedTree9/EmptyNormal.uasset" 970
"../../../Engine/Plugins/Editor/SpeedTreeImporter/Content/SpeedTree9/EmptyNormal.uexp" 971
"../../../Engine/Plugins/Editor/SpeedTreeImporter/Content/SpeedTree9/Empty.uasset" 972
"../../../Engine/Plugins/Editor/SpeedTreeImporter/Content/SpeedTree9/Empty.uexp" 973
"../../../Engine/Plugins/Editor/SpeedTreeImporter/Content/SpeedTree9/SpeedTreeMaster.uasset" 974
"../../../Engine/Plugins/Editor/SpeedTreeImporter/Content/SpeedTree9/SpeedTreeMaster.uexp" 975
"../../../Engine/Plugins/Editor/SpeedTreeImporter/Content/SpeedTree9/SpeedTreeBillboard.uasset" 976
"../../../Engine/Plugins/Editor/SpeedTreeImporter/Content/SpeedTree9/SpeedTreeBillboard.uexp" 977
"../../../Engine/Plugins/Editor/SpeedTreeImporter/Content/SpeedTree9/SpeedTreeBillboardMaster.uasset" 978
"../../../Engine/Plugins/Editor/SpeedTreeImporter/Content/SpeedTree9/SpeedTreeBillboardMaster.uexp" 979
"../../../Engine/Plugins/Animation/ControlRig/Content/Controls/ControlRig_Wedge_solid.ubulk" 980
"../../../Engine/Plugins/Animation/ControlRig/Content/Controls/ControlRig_Wedge_solid.uasset" 981
"../../../Engine/Plugins/Animation/ControlRig/Content/Controls/ControlRig_Wedge_solid.uexp" 982
"../../../Engine/Plugins/Animation/ControlRig/Content/Controls/ControlRig_Wedge_3mm.ubulk" 983
"../../../Engine/Plugins/Animation/ControlRig/Content/Controls/ControlRig_Wedge_3mm.uasset" 984
"../../../Engine/Plugins/Animation/ControlRig/Content/Controls/ControlRig_Wedge_3mm.uexp" 985
"../../../Engine/Plugins/Animation/ControlRig/Content/Controls/ControlRig_Wedge_1mm.ubulk" 986
"../../../Engine/Plugins/Animation/ControlRig/Content/Controls/ControlRig_Wedge_1mm.uasset" 987
"../../../Engine/Plugins/Animation/ControlRig/Content/Controls/ControlRig_Wedge_1mm.uexp" 988
"../../../Engine/Plugins/Animation/ControlRig/Content/Controls/ControlRig_Triangle_solid.ubulk" 989
"../../../Engine/Plugins/Animation/ControlRig/Content/Controls/ControlRig_Triangle_solid.uasset" 990
"../../../Engine/Plugins/Animation/ControlRig/Content/Controls/ControlRig_Triangle_solid.uexp" 991
"../../../Engine/Plugins/Animation/ControlRig/Content/Controls/ControlRig_Triangle_3mm.ubulk" 992
"../../../Engine/Plugins/Animation/ControlRig/Content/Controls/ControlRig_Triangle_3mm.uasset" 993
"../../../Engine/Plugins/Animation/ControlRig/Content/Controls/ControlRig_Triangle_3mm.uexp" 994
"../../../Engine/Plugins/Animation/ControlRig/Content/Controls/ControlRig_Triangle_1mm.ubulk" 995
"../../../Engine/Plugins/Animation/ControlRig/Content/Controls/ControlRig_Triangle_1mm.uasset" 996
"../../../Engine/Plugins/Animation/ControlRig/Content/Controls/ControlRig_Triangle_1mm.uexp" 997
"../../../Engine/Plugins/Animation/ControlRig/Content/Controls/ControlRig_Star4_solid.ubulk" 998
"../../../Engine/Plugins/Animation/ControlRig/Content/Controls/ControlRig_Star4_solid.uasset" 999
"../../../Engine/Plugins/Animation/ControlRig/Content/Controls/ControlRig_Star4_solid.uexp" 1000
"../../../Engine/Plugins/Animation/ControlRig/Content/Controls/ControlRig_Star4_3mm.ubulk" 1001
"../../../Engine/Plugins/Animation/ControlRig/Content/Controls/ControlRig_Star4_3mm.uasset" 1002
"../../../Engine/Plugins/Animation/ControlRig/Content/Controls/ControlRig_Star4_3mm.uexp" 1003
"../../../Engine/Plugins/Animation/ControlRig/Content/Controls/ControlRig_Star4_1mm.ubulk" 1004
"../../../Engine/Plugins/Animation/ControlRig/Content/Controls/ControlRig_Star4_1mm.uasset" 1005
"../../../Engine/Plugins/Animation/ControlRig/Content/Controls/ControlRig_Star4_1mm.uexp" 1006
"../../../Engine/Plugins/Animation/ControlRig/Content/Controls/ControlRig_Square_solid.ubulk" 1007
"../../../Engine/Plugins/Animation/ControlRig/Content/Controls/ControlRig_Square_solid.uasset" 1008
"../../../Engine/Plugins/Animation/ControlRig/Content/Controls/ControlRig_Square_solid.uexp" 1009
"../../../Engine/Plugins/Animation/ControlRig/Content/Controls/ControlRig_Square_3mm.ubulk" 1010
"../../../Engine/Plugins/Animation/ControlRig/Content/Controls/ControlRig_Square_3mm.uasset" 1011
"../../../Engine/Plugins/Animation/ControlRig/Content/Controls/ControlRig_Square_3mm.uexp" 1012
"../../../Engine/Plugins/Animation/ControlRig/Content/Controls/ControlRig_Square_1mm.ubulk" 1013
"../../../Engine/Plugins/Animation/ControlRig/Content/Controls/ControlRig_Square_1mm.uasset" 1014
"../../../Engine/Plugins/Animation/ControlRig/Content/Controls/ControlRig_Square_1mm.uexp" 1015
"../../../Engine/Plugins/Animation/ControlRig/Content/Controls/ControlRig_Sphere_solid.ubulk" 1016
"../../../Engine/Plugins/Animation/ControlRig/Content/Controls/ControlRig_Sphere_solid.uasset" 1017
"../../../Engine/Plugins/Animation/ControlRig/Content/Controls/ControlRig_Sphere_solid.uexp" 1018
"../../../Engine/Plugins/Animation/ControlRig/Content/Controls/ControlRig_Sphere_3mm.ubulk" 1019
"../../../Engine/Plugins/Animation/ControlRig/Content/Controls/ControlRig_Sphere_3mm.uasset" 1020
"../../../Engine/Plugins/Animation/ControlRig/Content/Controls/ControlRig_Sphere_3mm.uexp" 1021
"../../../Engine/Plugins/Animation/ControlRig/Content/Controls/ControlRig_Sphere_1mm.ubulk" 1022
"../../../Engine/Plugins/Animation/ControlRig/Content/Controls/ControlRig_Sphere_1mm.uasset" 1023
"../../../Engine/Plugins/Animation/ControlRig/Content/Controls/ControlRig_Sphere_1mm.uexp" 1024
"../../../Engine/Plugins/Animation/ControlRig/Content/Controls/ControlRig_RoundedTriangle_solid.ubulk" 1025
"../../../Engine/Plugins/Animation/ControlRig/Content/Controls/ControlRig_RoundedTriangle_solid.uasset" 1026
"../../../Engine/Plugins/Animation/ControlRig/Content/Controls/ControlRig_RoundedTriangle_solid.uexp" 1027
"../../../Engine/Plugins/Animation/ControlRig/Content/Controls/ControlRig_RoundedTriangle_3mm.ubulk" 1028
"../../../Engine/Plugins/Animation/ControlRig/Content/Controls/ControlRig_RoundedTriangle_3mm.uasset" 1029
"../../../Engine/Plugins/Animation/ControlRig/Content/Controls/ControlRig_RoundedTriangle_3mm.uexp" 1030
"../../../Engine/Plugins/Animation/ControlRig/Content/Controls/ControlRig_RoundedTriangle_1mm.ubulk" 1031
"../../../Engine/Plugins/Animation/ControlRig/Content/Controls/ControlRig_RoundedTriangle_1mm.uasset" 1032
"../../../Engine/Plugins/Animation/ControlRig/Content/Controls/ControlRig_RoundedTriangle_1mm.uexp" 1033
"../../../Engine/Plugins/Animation/ControlRig/Content/Controls/ControlRig_RoundedSquare_solid.ubulk" 1034
"../../../Engine/Plugins/Animation/ControlRig/Content/Controls/ControlRig_RoundedSquare_solid.uasset" 1035
"../../../Engine/Plugins/Animation/ControlRig/Content/Controls/ControlRig_RoundedSquare_solid.uexp" 1036
"../../../Engine/Plugins/Animation/ControlRig/Content/Controls/ControlRig_RoundedSquare_3mm.ubulk" 1037
"../../../Engine/Plugins/Animation/ControlRig/Content/Controls/ControlRig_RoundedSquare_3mm.uasset" 1038
"../../../Engine/Plugins/Animation/ControlRig/Content/Controls/ControlRig_RoundedSquare_3mm.uexp" 1039
"../../../Engine/Plugins/Animation/ControlRig/Content/Controls/ControlRig_RoundedSquare_1mm.ubulk" 1040
"../../../Engine/Plugins/Animation/ControlRig/Content/Controls/ControlRig_RoundedSquare_1mm.uasset" 1041
"../../../Engine/Plugins/Animation/ControlRig/Content/Controls/ControlRig_RoundedSquare_1mm.uexp" 1042
"../../../Engine/Plugins/Animation/ControlRig/Content/Controls/ControlRig_QuarterCircle_solid.ubulk" 1043
"../../../Engine/Plugins/Animation/ControlRig/Content/Controls/ControlRig_QuarterCircle_solid.uasset" 1044
"../../../Engine/Plugins/Animation/ControlRig/Content/Controls/ControlRig_QuarterCircle_solid.uexp" 1045
"../../../Engine/Plugins/Animation/ControlRig/Content/Controls/ControlRig_QuarterCircle_3mm.ubulk" 1046
"../../../Engine/Plugins/Animation/ControlRig/Content/Controls/ControlRig_QuarterCircle_3mm.uasset" 1047
"../../../Engine/Plugins/Animation/ControlRig/Content/Controls/ControlRig_QuarterCircle_3mm.uexp" 1048
"../../../Engine/Plugins/Animation/ControlRig/Content/Controls/ControlRig_QuarterCircle_1mm.ubulk" 1049
"../../../Engine/Plugins/Animation/ControlRig/Content/Controls/ControlRig_QuarterCircle_1mm.uasset" 1050
"../../../Engine/Plugins/Animation/ControlRig/Content/Controls/ControlRig_QuarterCircle_1mm.uexp" 1051
"../../../Engine/Plugins/Animation/ControlRig/Content/Controls/ControlRig_Pyramid_solid.ubulk" 1052
"../../../Engine/Plugins/Animation/ControlRig/Content/Controls/ControlRig_Pyramid_solid.uasset" 1053
"../../../Engine/Plugins/Animation/ControlRig/Content/Controls/ControlRig_Pyramid_solid.uexp" 1054
"../../../Engine/Plugins/Animation/ControlRig/Content/Controls/ControlRig_Pyramid_3mm.ubulk" 1055
"../../../Engine/Plugins/Animation/ControlRig/Content/Controls/ControlRig_Pyramid_3mm.uasset" 1056
"../../../Engine/Plugins/Animation/ControlRig/Content/Controls/ControlRig_Pyramid_3mm.uexp" 1057
"../../../Engine/Plugins/Animation/ControlRig/Content/Controls/ControlRig_Pyramid_1mm.ubulk" 1058
"../../../Engine/Plugins/Animation/ControlRig/Content/Controls/ControlRig_Pyramid_1mm.uasset" 1059
"../../../Engine/Plugins/Animation/ControlRig/Content/Controls/ControlRig_Pyramid_1mm.uexp" 1060
"../../../Engine/Plugins/Animation/ControlRig/Content/Controls/ControlRig_Octagon_solid.ubulk" 1061
"../../../Engine/Plugins/Animation/ControlRig/Content/Controls/ControlRig_Octagon_solid.uasset" 1062
"../../../Engine/Plugins/Animation/ControlRig/Content/Controls/ControlRig_Octagon_solid.uexp" 1063
"../../../Engine/Plugins/Animation/ControlRig/Content/Controls/ControlRig_Octagon_3mm.ubulk" 1064
"../../../Engine/Plugins/Animation/ControlRig/Content/Controls/ControlRig_Octagon_3mm.uasset" 1065
"../../../Engine/Plugins/Animation/ControlRig/Content/Controls/ControlRig_Octagon_3mm.uexp" 1066
"../../../Engine/Plugins/Animation/ControlRig/Content/Controls/ControlRig_Octagon_1mm.ubulk" 1067
"../../../Engine/Plugins/Animation/ControlRig/Content/Controls/ControlRig_Octagon_1mm.uasset" 1068
"../../../Engine/Plugins/Animation/ControlRig/Content/Controls/ControlRig_Octagon_1mm.uexp" 1069
"../../../Engine/Plugins/Animation/ControlRig/Content/Controls/ControlRig_Hexagon_solid.ubulk" 1070
"../../../Engine/Plugins/Animation/ControlRig/Content/Controls/ControlRig_Hexagon_solid.uasset" 1071
"../../../Engine/Plugins/Animation/ControlRig/Content/Controls/ControlRig_Hexagon_solid.uexp" 1072
"../../../Engine/Plugins/Animation/ControlRig/Content/Controls/ControlRig_Hexagon_3mm.ubulk" 1073
"../../../Engine/Plugins/Animation/ControlRig/Content/Controls/ControlRig_Hexagon_3mm.uasset" 1074
"../../../Engine/Plugins/Animation/ControlRig/Content/Controls/ControlRig_Hexagon_3mm.uexp" 1075
"../../../Engine/Plugins/Animation/ControlRig/Content/Controls/ControlRig_Hexagon_1mm.ubulk" 1076
"../../../Engine/Plugins/Animation/ControlRig/Content/Controls/ControlRig_Hexagon_1mm.uasset" 1077
"../../../Engine/Plugins/Animation/ControlRig/Content/Controls/ControlRig_Hexagon_1mm.uexp" 1078
"../../../Engine/Plugins/Animation/ControlRig/Content/Controls/ControlRig_HalfCircle_solid.ubulk" 1079
"../../../Engine/Plugins/Animation/ControlRig/Content/Controls/ControlRig_HalfCircle_solid.uasset" 1080
"../../../Engine/Plugins/Animation/ControlRig/Content/Controls/ControlRig_HalfCircle_solid.uexp" 1081
"../../../Engine/Plugins/Animation/ControlRig/Content/Controls/ControlRig_HalfCircle_3mm.ubulk" 1082
"../../../Engine/Plugins/Animation/ControlRig/Content/Controls/ControlRig_HalfCircle_3mm.uasset" 1083
"../../../Engine/Plugins/Animation/ControlRig/Content/Controls/ControlRig_HalfCircle_3mm.uexp" 1084
"../../../Engine/Plugins/Animation/ControlRig/Content/Controls/ControlRig_HalfCircle_1mm.ubulk" 1085
"../../../Engine/Plugins/Animation/ControlRig/Content/Controls/ControlRig_HalfCircle_1mm.uasset" 1086
"../../../Engine/Plugins/Animation/ControlRig/Content/Controls/ControlRig_HalfCircle_1mm.uexp" 1087
"../../../Engine/Plugins/Animation/ControlRig/Content/Controls/ControlRig_Diamond_solid.ubulk" 1088
"../../../Engine/Plugins/Animation/ControlRig/Content/Controls/ControlRig_Diamond_solid.uasset" 1089
"../../../Engine/Plugins/Animation/ControlRig/Content/Controls/ControlRig_Diamond_solid.uexp" 1090
"../../../Engine/Plugins/Animation/ControlRig/Content/Controls/ControlRig_Diamond_3mm.ubulk" 1091
"../../../Engine/Plugins/Animation/ControlRig/Content/Controls/ControlRig_Diamond_3mm.uasset" 1092
"../../../Engine/Plugins/Animation/ControlRig/Content/Controls/ControlRig_Diamond_3mm.uexp" 1093
"../../../Engine/Plugins/Animation/ControlRig/Content/Controls/ControlRig_Diamond_1mm.ubulk" 1094
"../../../Engine/Plugins/Animation/ControlRig/Content/Controls/ControlRig_Diamond_1mm.uasset" 1095
"../../../Engine/Plugins/Animation/ControlRig/Content/Controls/ControlRig_Diamond_1mm.uexp" 1096
"../../../Engine/Plugins/Animation/ControlRig/Content/Controls/ControlRig_Circle_solid.ubulk" 1097
"../../../Engine/Plugins/Animation/ControlRig/Content/Controls/ControlRig_Circle_solid.uasset" 1098
"../../../Engine/Plugins/Animation/ControlRig/Content/Controls/ControlRig_Circle_solid.uexp" 1099
"../../../Engine/Plugins/Animation/ControlRig/Content/Controls/ControlRig_Circle_3mm.ubulk" 1100
"../../../Engine/Plugins/Animation/ControlRig/Content/Controls/ControlRig_Circle_3mm.uasset" 1101
"../../../Engine/Plugins/Animation/ControlRig/Content/Controls/ControlRig_Circle_3mm.uexp" 1102
"../../../Engine/Plugins/Animation/ControlRig/Content/Controls/ControlRig_Circle_1mm.ubulk" 1103
"../../../Engine/Plugins/Animation/ControlRig/Content/Controls/ControlRig_Circle_1mm.uasset" 1104
"../../../Engine/Plugins/Animation/ControlRig/Content/Controls/ControlRig_Circle_1mm.uexp" 1105
"../../../Engine/Plugins/Animation/ControlRig/Content/Controls/ControlRig_Box_solid.ubulk" 1106
"../../../Engine/Plugins/Animation/ControlRig/Content/Controls/ControlRig_Box_solid.uasset" 1107
"../../../Engine/Plugins/Animation/ControlRig/Content/Controls/ControlRig_Box_solid.uexp" 1108
"../../../Engine/Plugins/Animation/ControlRig/Content/Controls/ControlRig_Box_3mm.ubulk" 1109
"../../../Engine/Plugins/Animation/ControlRig/Content/Controls/ControlRig_Box_3mm.uasset" 1110
"../../../Engine/Plugins/Animation/ControlRig/Content/Controls/ControlRig_Box_3mm.uexp" 1111
"../../../Engine/Plugins/Animation/ControlRig/Content/Controls/ControlRig_Box_1mm.ubulk" 1112
"../../../Engine/Plugins/Animation/ControlRig/Content/Controls/ControlRig_Box_1mm.uasset" 1113
"../../../Engine/Plugins/Animation/ControlRig/Content/Controls/ControlRig_Box_1mm.uexp" 1114
"../../../Engine/Plugins/Animation/ControlRig/Content/Controls/ControlRig_Arrow_solid.ubulk" 1115
"../../../Engine/Plugins/Animation/ControlRig/Content/Controls/ControlRig_Arrow_solid.uasset" 1116
"../../../Engine/Plugins/Animation/ControlRig/Content/Controls/ControlRig_Arrow_solid.uexp" 1117
"../../../Engine/Plugins/Animation/ControlRig/Content/Controls/ControlRig_Arrow_3mm.ubulk" 1118
"../../../Engine/Plugins/Animation/ControlRig/Content/Controls/ControlRig_Arrow_3mm.uasset" 1119
"../../../Engine/Plugins/Animation/ControlRig/Content/Controls/ControlRig_Arrow_3mm.uexp" 1120
"../../../Engine/Plugins/Animation/ControlRig/Content/Controls/ControlRig_Arrow_1mm.ubulk" 1121
"../../../Engine/Plugins/Animation/ControlRig/Content/Controls/ControlRig_Arrow_1mm.uasset" 1122
"../../../Engine/Plugins/Animation/ControlRig/Content/Controls/ControlRig_Arrow_1mm.uexp" 1123
"../../../Engine/Plugins/Animation/ControlRig/Content/Controls/ControlRig_Arrow4_solid.ubulk" 1124
"../../../Engine/Plugins/Animation/ControlRig/Content/Controls/ControlRig_Arrow4_solid.uasset" 1125
"../../../Engine/Plugins/Animation/ControlRig/Content/Controls/ControlRig_Arrow4_solid.uexp" 1126
"../../../Engine/Plugins/Animation/ControlRig/Content/Controls/ControlRig_Arrow4_3mm.ubulk" 1127
"../../../Engine/Plugins/Animation/ControlRig/Content/Controls/ControlRig_Arrow4_3mm.uasset" 1128
"../../../Engine/Plugins/Animation/ControlRig/Content/Controls/ControlRig_Arrow4_3mm.uexp" 1129
"../../../Engine/Plugins/Animation/ControlRig/Content/Controls/ControlRig_Arrow4_1mm.ubulk" 1130
"../../../Engine/Plugins/Animation/ControlRig/Content/Controls/ControlRig_Arrow4_1mm.uasset" 1131
"../../../Engine/Plugins/Animation/ControlRig/Content/Controls/ControlRig_Arrow4_1mm.uexp" 1132
"../../../Engine/Plugins/Animation/ControlRig/Content/Controls/ControlRig_Arrow2_solid.ubulk" 1133
"../../../Engine/Plugins/Animation/ControlRig/Content/Controls/ControlRig_Arrow2_solid.uasset" 1134
"../../../Engine/Plugins/Animation/ControlRig/Content/Controls/ControlRig_Arrow2_solid.uexp" 1135
"../../../Engine/Plugins/Animation/ControlRig/Content/Controls/ControlRig_Arrow2_3mm.ubulk" 1136
"../../../Engine/Plugins/Animation/ControlRig/Content/Controls/ControlRig_Arrow2_3mm.uasset" 1137
"../../../Engine/Plugins/Animation/ControlRig/Content/Controls/ControlRig_Arrow2_3mm.uexp" 1138
"../../../Engine/Plugins/Animation/ControlRig/Content/Controls/ControlRig_Arrow2_1mm.ubulk" 1139
"../../../Engine/Plugins/Animation/ControlRig/Content/Controls/ControlRig_Arrow2_1mm.uasset" 1140
"../../../Engine/Plugins/Animation/ControlRig/Content/Controls/ControlRig_Arrow2_1mm.uexp" 1141
"../../../Engine/Plugins/Animation/ControlRig/Content/Controls/ControlRigXRayMaterial.uasset" 1142
"../../../Engine/Plugins/Animation/ControlRig/Content/Controls/ControlRigXRayMaterial.uexp" 1143
"../../../Engine/Plugins/Animation/ControlRig/Content/Controls/ControlRigGizmoMaterial.uasset" 1144
"../../../Engine/Plugins/Animation/ControlRig/Content/Controls/ControlRigGizmoMaterial.uexp" 1145
"../../../Engine/Content/EngineSky/VolumetricClouds/T_CloudMask.ubulk" 1146
"../../../Engine/Content/EngineSky/VolumetricClouds/T_CloudMask.uasset" 1147
"../../../Engine/Content/EngineSky/VolumetricClouds/T_CloudMask.uexp" 1148
"../../../Engine/Content/EngineSky/VolumetricClouds/VT_Lightning.uasset" 1149
"../../../Engine/Content/EngineSky/VolumetricClouds/VT_Lightning.uexp" 1150
"../../../Engine/Content/EngineSky/VolumetricClouds/T_Profile_08.ubulk" 1151
"../../../Engine/Content/EngineSky/VolumetricClouds/T_Profile_08.uasset" 1152
"../../../Engine/Content/EngineSky/VolumetricClouds/T_Profile_08.uexp" 1153
"../../../Engine/Content/Functions/Engine_MaterialFunctions02/Utility/MakeFloat4.uasset" 1154
"../../../Engine/Content/Functions/Engine_MaterialFunctions02/Utility/MakeFloat4.uexp" 1155
"../../../Engine/Content/Functions/Engine_MaterialFunctions01/Units/Km-to-Cm.uasset" 1156
"../../../Engine/Content/Functions/Engine_MaterialFunctions01/Units/Km-to-Cm.uexp" 1157
"../../../Engine/Content/Functions/Engine_MaterialFunctions02/Utility/BreakOutFloat4Components.uasset" 1158
"../../../Engine/Content/Functions/Engine_MaterialFunctions02/Utility/BreakOutFloat4Components.uexp" 1159
"../../../Engine/Content/EngineSky/VolumetricClouds/T_CloudPattern.ubulk" 1160
"../../../Engine/Content/EngineSky/VolumetricClouds/T_CloudPattern.uasset" 1161
"../../../Engine/Content/EngineSky/VolumetricClouds/T_CloudPattern.uexp" 1162
"../../../Engine/Content/EngineSky/VolumetricClouds/VT_PerlinWorley_Balanced.uasset" 1163
"../../../Engine/Content/EngineSky/VolumetricClouds/VT_PerlinWorley_Balanced.uexp" 1164
"../../../Engine/Content/EngineSky/VolumetricClouds/m_SimpleVolumetricCloud.uasset" 1165
"../../../Engine/Content/EngineSky/VolumetricClouds/m_SimpleVolumetricCloud.uexp" 1166
"../../../Engine/Content/EngineSky/VolumetricClouds/m_SimpleVolumetricCloud_Inst.uasset" 1167
"../../../Engine/Content/EngineSky/VolumetricClouds/m_SimpleVolumetricCloud_Inst.uexp" 1168
"../../../Engine/Content/EditorMaterials/Camera/CineMat.uasset" 1169
"../../../Engine/Content/EditorMaterials/Camera/CineMat.uexp" 1170
"../../../Engine/Content/EditorMaterials/Camera/MI_CineMat_Rig.uasset" 1171
"../../../Engine/Content/EditorMaterials/Camera/MI_CineMat_Rig.uexp" 1172
"../../../Engine/Content/EditorMeshes/Camera/SM_RailRig_Track.ubulk" 1173
"../../../Engine/Content/EditorMeshes/Camera/SM_RailRig_Track.uasset" 1174
"../../../Engine/Content/EditorMeshes/Camera/SM_RailRig_Track.uexp" 1175
"../../../Engine/Content/EditorMeshes/Camera/SM_RailRig_Mount.ubulk" 1176
"../../../Engine/Content/EditorMeshes/Camera/SM_RailRig_Mount.uasset" 1177
"../../../Engine/Content/EditorMeshes/Camera/SM_RailRig_Mount.uexp" 1178
"../../../Engine/Content/EditorMeshes/Camera/SM_CraneRig_Mount.ubulk" 1179
"../../../Engine/Content/EditorMeshes/Camera/SM_CraneRig_Mount.uasset" 1180
"../../../Engine/Content/EditorMeshes/Camera/SM_CraneRig_Mount.uexp" 1181
"../../../Engine/Content/EditorMeshes/Camera/SM_CraneRig_Body.ubulk" 1182
"../../../Engine/Content/EditorMeshes/Camera/SM_CraneRig_Body.uasset" 1183
"../../../Engine/Content/EditorMeshes/Camera/SM_CraneRig_Body.uexp" 1184
"../../../Engine/Content/EditorMeshes/Camera/SM_CraneRig_Base.ubulk" 1185
"../../../Engine/Content/EditorMeshes/Camera/SM_CraneRig_Base.uasset" 1186
"../../../Engine/Content/EditorMeshes/Camera/SM_CraneRig_Base.uexp" 1187
"../../../Engine/Content/EditorMeshes/Camera/SM_CraneRig_Arm.ubulk" 1188
"../../../Engine/Content/EditorMeshes/Camera/SM_CraneRig_Arm.uasset" 1189
"../../../Engine/Content/EditorMeshes/Camera/SM_CraneRig_Arm.uexp" 1190
"../../../Engine/Content/EditorMaterials/Dataflow/DataflowVertexMaterial.uasset" 1191
"../../../Engine/Content/EditorMaterials/Dataflow/DataflowVertexMaterial.uexp" 1192
"../../../Engine/Content/EditorMaterials/Dataflow/DataflowTwoSidedVertexMaterial.uasset" 1193
"../../../Engine/Content/EditorMaterials/Dataflow/DataflowTwoSidedVertexMaterial.uexp" 1194
"../../../Engine/Plugins/Interchange/Assets/Content/gltf/MaterialBodies/MF_Unlit_Body.uasset" 1195
"../../../Engine/Plugins/Interchange/Assets/Content/gltf/MaterialBodies/MF_Unlit_Body.uexp" 1196
"../../../Engine/Plugins/Interchange/Assets/Content/gltf/M_Unlit.uasset" 1197
"../../../Engine/Plugins/Interchange/Assets/Content/gltf/M_Unlit.uexp" 1198
"../../../Engine/Plugins/Interchange/Assets/Content/gltf/MaterialInstances/MI_Unlit_Opaque_DS.uasset" 1199
"../../../Engine/Plugins/Interchange/Assets/Content/gltf/MaterialInstances/MI_Unlit_Opaque_DS.uexp" 1200
"../../../Engine/Plugins/Interchange/Assets/Content/gltf/MaterialInstances/MI_Unlit_Opaque.uasset" 1201
"../../../Engine/Plugins/Interchange/Assets/Content/gltf/MaterialInstances/MI_Unlit_Opaque.uexp" 1202
"../../../Engine/Plugins/Interchange/Assets/Content/gltf/MaterialInstances/MI_Unlit_Mask_DS.uasset" 1203
"../../../Engine/Plugins/Interchange/Assets/Content/gltf/MaterialInstances/MI_Unlit_Mask_DS.uexp" 1204
"../../../Engine/Plugins/Interchange/Assets/Content/gltf/MaterialInstances/MI_Unlit_Mask.uasset" 1205
"../../../Engine/Plugins/Interchange/Assets/Content/gltf/MaterialInstances/MI_Unlit_Mask.uexp" 1206
"../../../Engine/Plugins/Interchange/Assets/Content/gltf/MaterialInstances/MI_Unlit_Blend_DS.uasset" 1207
"../../../Engine/Plugins/Interchange/Assets/Content/gltf/MaterialInstances/MI_Unlit_Blend_DS.uexp" 1208
"../../../Engine/Plugins/Interchange/Assets/Content/gltf/MaterialInstances/MI_Unlit_Blend.uasset" 1209
"../../../Engine/Plugins/Interchange/Assets/Content/gltf/MaterialInstances/MI_Unlit_Blend.uexp" 1210
"../../../Engine/Plugins/Interchange/Assets/Content/gltf/MaterialInstances/MI_Transmission_DS.uasset" 1211
"../../../Engine/Plugins/Interchange/Assets/Content/gltf/MaterialInstances/MI_Transmission_DS.uexp" 1212
"../../../Engine/Content/Functions/Engine_MaterialFunctions02/Math/AddComponents.uasset" 1213
"../../../Engine/Content/Functions/Engine_MaterialFunctions02/Math/AddComponents.uexp" 1214
"../../../Engine/Plugins/Interchange/Assets/Content/gltf/MaterialFunctions/MF_DiffuseSpecGloss.uasset" 1215
"../../../Engine/Plugins/Interchange/Assets/Content/gltf/MaterialFunctions/MF_DiffuseSpecGloss.uexp" 1216
"../../../Engine/Plugins/Interchange/Assets/Content/gltf/MaterialFunctions/MF_PerceivedBrightness.uasset" 1217
"../../../Engine/Plugins/Interchange/Assets/Content/gltf/MaterialFunctions/MF_PerceivedBrightness.uexp" 1218
"../../../Engine/Plugins/Interchange/Assets/Content/gltf/MaterialFunctions/MF_SpecGlossToMetalRoughness.uasset" 1219
"../../../Engine/Plugins/Interchange/Assets/Content/gltf/MaterialFunctions/MF_SpecGlossToMetalRoughness.uexp" 1220
"../../../Engine/Plugins/Interchange/Assets/Content/gltf/MaterialFunctions/MF_MaxComponentValue.uasset" 1221
"../../../Engine/Plugins/Interchange/Assets/Content/gltf/MaterialFunctions/MF_MaxComponentValue.uexp" 1222
"../../../Engine/Plugins/Interchange/Assets/Content/gltf/MaterialBodies/MF_SpecularGlossiness_Body.uasset" 1223
"../../../Engine/Plugins/Interchange/Assets/Content/gltf/MaterialBodies/MF_SpecularGlossiness_Body.uexp" 1224
"../../../Engine/Plugins/Interchange/Assets/Content/gltf/M_SpecularGlossiness.uasset" 1225
"../../../Engine/Plugins/Interchange/Assets/Content/gltf/M_SpecularGlossiness.uexp" 1226
"../../../Engine/Plugins/Interchange/Assets/Content/gltf/MaterialInstances/MI_SpecularGlossiness_Opaque_DS.uasset" 1227
"../../../Engine/Plugins/Interchange/Assets/Content/gltf/MaterialInstances/MI_SpecularGlossiness_Opaque_DS.uexp" 1228
"../../../Engine/Plugins/Interchange/Assets/Content/gltf/MaterialInstances/MI_SpecularGlossiness_Opaque.uasset" 1229
"../../../Engine/Plugins/Interchange/Assets/Content/gltf/MaterialInstances/MI_SpecularGlossiness_Opaque.uexp" 1230
"../../../Engine/Plugins/Interchange/Assets/Content/gltf/MaterialInstances/MI_SpecularGlossiness_Mask_DS.uasset" 1231
"../../../Engine/Plugins/Interchange/Assets/Content/gltf/MaterialInstances/MI_SpecularGlossiness_Mask_DS.uexp" 1232
"../../../Engine/Plugins/Interchange/Assets/Content/gltf/MaterialInstances/MI_SpecularGlossiness_Mask.uasset" 1233
"../../../Engine/Plugins/Interchange/Assets/Content/gltf/MaterialInstances/MI_SpecularGlossiness_Mask.uexp" 1234
"../../../Engine/Plugins/Interchange/Assets/Content/gltf/MaterialInstances/MI_SpecularGlossiness_Blend_DS.uasset" 1235
"../../../Engine/Plugins/Interchange/Assets/Content/gltf/MaterialInstances/MI_SpecularGlossiness_Blend_DS.uexp" 1236
"../../../Engine/Plugins/Interchange/Assets/Content/gltf/MaterialInstances/MI_SpecularGlossiness_Blend.uasset" 1237
"../../../Engine/Plugins/Interchange/Assets/Content/gltf/MaterialInstances/MI_SpecularGlossiness_Blend.uexp" 1238
"../../../Engine/Plugins/Interchange/Assets/Content/gltf/MaterialFunctions/MF_Sheen.uasset" 1239
"../../../Engine/Plugins/Interchange/Assets/Content/gltf/MaterialFunctions/MF_Sheen.uexp" 1240
"../../../Engine/Plugins/Interchange/Assets/Content/gltf/MaterialBodies/MF_Sheen_Body.uasset" 1241
"../../../Engine/Plugins/Interchange/Assets/Content/gltf/MaterialBodies/MF_Sheen_Body.uexp" 1242
"../../../Engine/Plugins/Interchange/Assets/Content/gltf/M_Sheen.uasset" 1243
"../../../Engine/Plugins/Interchange/Assets/Content/gltf/M_Sheen.uexp" 1244
"../../../Engine/Plugins/Interchange/Assets/Content/gltf/MaterialInstances/MI_Sheen_Opaque_DS.uasset" 1245
"../../../Engine/Plugins/Interchange/Assets/Content/gltf/MaterialInstances/MI_Sheen_Opaque_DS.uexp" 1246
"../../../Engine/Plugins/Interchange/Assets/Content/gltf/MaterialInstances/MI_Sheen_Opaque.uasset" 1247
"../../../Engine/Plugins/Interchange/Assets/Content/gltf/MaterialInstances/MI_Sheen_Opaque.uexp" 1248
"../../../Engine/Plugins/Interchange/Assets/Content/gltf/MaterialInstances/MI_Sheen_Mask_DS.uasset" 1249
"../../../Engine/Plugins/Interchange/Assets/Content/gltf/MaterialInstances/MI_Sheen_Mask_DS.uexp" 1250
"../../../Engine/Plugins/Interchange/Assets/Content/gltf/MaterialInstances/MI_Sheen_Mask.uasset" 1251
"../../../Engine/Plugins/Interchange/Assets/Content/gltf/MaterialInstances/MI_Sheen_Mask.uexp" 1252
"../../../Engine/Plugins/Interchange/Assets/Content/gltf/MaterialInstances/MI_Sheen_Blend_DS.uasset" 1253
"../../../Engine/Plugins/Interchange/Assets/Content/gltf/MaterialInstances/MI_Sheen_Blend_DS.uexp" 1254
"../../../Engine/Plugins/Interchange/Assets/Content/gltf/MaterialInstances/MI_Sheen_Blend.uasset" 1255
"../../../Engine/Plugins/Interchange/Assets/Content/gltf/MaterialInstances/MI_Sheen_Blend.uexp" 1256
"../../../Engine/Plugins/Interchange/Assets/Content/gltf/MaterialInstances/MI_Default_Opaque_DS.uasset" 1257
"../../../Engine/Plugins/Interchange/Assets/Content/gltf/MaterialInstances/MI_Default_Opaque_DS.uexp" 1258
"../../../Engine/Plugins/Interchange/Assets/Content/gltf/MaterialInstances/MI_Default_Opaque.uasset" 1259
"../../../Engine/Plugins/Interchange/Assets/Content/gltf/MaterialInstances/MI_Default_Opaque.uexp" 1260
"../../../Engine/Plugins/Interchange/Assets/Content/gltf/MaterialInstances/MI_Default_Mask_DS.uasset" 1261
"../../../Engine/Plugins/Interchange/Assets/Content/gltf/MaterialInstances/MI_Default_Mask_DS.uexp" 1262
"../../../Engine/Plugins/Interchange/Assets/Content/gltf/MaterialInstances/MI_Default_Mask.uasset" 1263
"../../../Engine/Plugins/Interchange/Assets/Content/gltf/MaterialInstances/MI_Default_Mask.uexp" 1264
"../../../Engine/Plugins/Interchange/Assets/Content/gltf/MaterialInstances/MI_Default_Blend.uasset" 1265
"../../../Engine/Plugins/Interchange/Assets/Content/gltf/MaterialInstances/MI_Default_Blend.uexp" 1266
"../../../Engine/Content/Functions/Engine_MaterialFunctions01/Texturing/FlattenNormal.uasset" 1267
"../../../Engine/Content/Functions/Engine_MaterialFunctions01/Texturing/FlattenNormal.uexp" 1268
"../../../Engine/Plugins/Interchange/Assets/Content/gltf/MaterialFunctions/MF_Clearcoat.uasset" 1269
"../../../Engine/Plugins/Interchange/Assets/Content/gltf/MaterialFunctions/MF_Clearcoat.uexp" 1270
"../../../Engine/Plugins/Interchange/Assets/Content/gltf/MaterialBodies/MF_ClearCoat_Body.uasset" 1271
"../../../Engine/Plugins/Interchange/Assets/Content/gltf/MaterialBodies/MF_ClearCoat_Body.uexp" 1272
"../../../Engine/Plugins/Interchange/Assets/Content/gltf/M_ClearCoat.uasset" 1273
"../../../Engine/Plugins/Interchange/Assets/Content/gltf/M_ClearCoat.uexp" 1274
"../../../Engine/Plugins/Interchange/Assets/Content/gltf/MaterialInstances/MI_ClearCoat_Opaque_DS.uasset" 1275
"../../../Engine/Plugins/Interchange/Assets/Content/gltf/MaterialInstances/MI_ClearCoat_Opaque_DS.uexp" 1276
"../../../Engine/Plugins/Interchange/Assets/Content/gltf/MaterialInstances/MI_ClearCoat_Opaque.uasset" 1277
"../../../Engine/Plugins/Interchange/Assets/Content/gltf/MaterialInstances/MI_ClearCoat_Opaque.uexp" 1278
"../../../Engine/Plugins/Interchange/Assets/Content/gltf/MaterialInstances/MI_ClearCoat_Mask_DS.uasset" 1279
"../../../Engine/Plugins/Interchange/Assets/Content/gltf/MaterialInstances/MI_ClearCoat_Mask_DS.uexp" 1280
"../../../Engine/Plugins/Interchange/Assets/Content/gltf/MaterialInstances/MI_ClearCoat_Mask.uasset" 1281
"../../../Engine/Plugins/Interchange/Assets/Content/gltf/MaterialInstances/MI_ClearCoat_Mask.uexp" 1282
"../../../Engine/Plugins/Interchange/Assets/Content/gltf/MaterialInstances/MI_ClearCoat_Blend_DS.uasset" 1283
"../../../Engine/Plugins/Interchange/Assets/Content/gltf/MaterialInstances/MI_ClearCoat_Blend_DS.uexp" 1284
"../../../Engine/Plugins/Interchange/Assets/Content/gltf/MaterialInstances/MI_ClearCoat_Blend.uasset" 1285
"../../../Engine/Plugins/Interchange/Assets/Content/gltf/MaterialInstances/MI_ClearCoat_Blend.uexp" 1286
"../../../Engine/Content/VREditor/TransformGizmo/Main.uasset" 1287
"../../../Engine/Content/VREditor/TransformGizmo/Main.uexp" 1288
"../../../Engine/Content/VREditor/TransformGizmo/Xray.uasset" 1289
"../../../Engine/Content/VREditor/TransformGizmo/Xray.uexp" 1290
"../../../Engine/Content/VREditor/TransformGizmo/SM_Sequencer_Node.ubulk" 1291
"../../../Engine/Content/VREditor/TransformGizmo/SM_Sequencer_Node.uasset" 1292
"../../../Engine/Content/VREditor/TransformGizmo/SM_Sequencer_Node.uexp" 1293
"../../../Engine/Content/VREditor/LaserPointer/VR_LaserPower_01.ubulk" 1294
"../../../Engine/Content/VREditor/LaserPointer/VR_LaserPower_01.uasset" 1295
"../../../Engine/Content/VREditor/LaserPointer/VR_LaserPower_01.uexp" 1296
"../../../Engine/Content/VREditor/TransformGizmo/TransformGizmoMaterial.uasset" 1297
"../../../Engine/Content/VREditor/TransformGizmo/TransformGizmoMaterial.uexp" 1298
"../../../Engine/Content/VREditor/TransformGizmo/TranslucentTransformGizmoMaterial.uasset" 1299
"../../../Engine/Content/VREditor/TransformGizmo/TranslucentTransformGizmoMaterial.uexp" 1300
"../../../Engine/Content/VREditor/TransformGizmo/BoundingBoxEdge.ubulk" 1301
"../../../Engine/Content/VREditor/TransformGizmo/BoundingBoxEdge.uasset" 1302
"../../../Engine/Content/VREditor/TransformGizmo/BoundingBoxEdge.uexp" 1303
"../../../Engine/Content/VREditor/TransformGizmo/BoundingBoxCorner.ubulk" 1304
"../../../Engine/Content/VREditor/TransformGizmo/BoundingBoxCorner.uasset" 1305
"../../../Engine/Content/VREditor/TransformGizmo/BoundingBoxCorner.uexp" 1306
"../../../Engine/Content/Functions/Engine_MaterialFunctions01/Shading/PowerToRoughness.uasset" 1307
"../../../Engine/Content/Functions/Engine_MaterialFunctions01/Shading/PowerToRoughness.uexp" 1308
"../../../Engine/Content/Functions/Engine_MaterialFunctions01/Shading/ConvertFromDiffSpec.uasset" 1309
"../../../Engine/Content/Functions/Engine_MaterialFunctions01/Shading/ConvertFromDiffSpec.uexp" 1310
"../../../Engine/Content/EngineMaterials/Substrate/Volume/SubstrateSimpleVolumeLUT3D.uasset" 1311
"../../../Engine/Content/EngineMaterials/Substrate/Volume/SubstrateSimpleVolumeLUT3D.uexp" 1312
"../../../Engine/Content/EngineMaterials/Substrate/Volume/SubstrateSimpleVolumeEnvLUT3D.uasset" 1313
"../../../Engine/Content/EngineMaterials/Substrate/Volume/SubstrateSimpleVolumeEnvLUT3D.uexp" 1314
"../../../Engine/Content/EngineMaterials/Substrate/GLints2/AGlintTex2dArray2.uasset" 1315
"../../../Engine/Content/EngineMaterials/Substrate/GLints2/AGlintTex2dArray2.uexp" 1316
"../../../Engine/Content/EngineMaterials/Substrate/GLints/AGlintTex2dArray.uasset" 1317
"../../../Engine/Content/EngineMaterials/Substrate/GLints/AGlintTex2dArray.uexp" 1318
"../../../Engine/Content/ArtTools/RenderToTexture/Meshes/S_1_Unit_Plane.ubulk" 1319
"../../../Engine/Content/ArtTools/RenderToTexture/Meshes/S_1_Unit_Plane.uasset" 1320
"../../../Engine/Content/ArtTools/RenderToTexture/Meshes/S_1_Unit_Plane.uexp" 1321
"C:/Users/akhta/Capstone/Rokos_Basilisk/Game Code/Content/Prefabs/SM_startPiece.uasset" 1322
"C:/Users/akhta/Capstone/Rokos_Basilisk/Game Code/Content/Prefabs/SM_startPiece.uexp" 1323
"C:/Users/akhta/Capstone/Rokos_Basilisk/Game Code/Content/LevelPrototyping/Materials/M_Solid.uasset" 1324
"C:/Users/akhta/Capstone/Rokos_Basilisk/Game Code/Content/LevelPrototyping/Materials/M_Solid.uexp" 1325
"C:/Users/akhta/Capstone/Rokos_Basilisk/Game Code/Content/LevelPrototyping/Materials/MI_Solid_Blue.uasset" 1326
"C:/Users/akhta/Capstone/Rokos_Basilisk/Game Code/Content/LevelPrototyping/Materials/MI_Solid_Blue.uexp" 1327
"C:/Users/akhta/Capstone/Rokos_Basilisk/Game Code/Content/LevelPrototyping/Meshes/SM_ChamferCube.ubulk" 1328
"C:/Users/akhta/Capstone/Rokos_Basilisk/Game Code/Content/LevelPrototyping/Meshes/SM_ChamferCube.uasset" 1329
"C:/Users/akhta/Capstone/Rokos_Basilisk/Game Code/Content/LevelPrototyping/Meshes/SM_ChamferCube.uexp" 1330
"C:/Users/akhta/Capstone/Rokos_Basilisk/Game Code/Content/LevelPrototyping/Textures/T_GridChecker_A.ubulk" 1331
"C:/Users/akhta/Capstone/Rokos_Basilisk/Game Code/Content/LevelPrototyping/Textures/T_GridChecker_A.uasset" 1332
"C:/Users/akhta/Capstone/Rokos_Basilisk/Game Code/Content/LevelPrototyping/Textures/T_GridChecker_A.uexp" 1333
"../../../Engine/Content/Functions/Engine_MaterialFunctions01/Gradient/LinearGradient.uasset" 1334
"../../../Engine/Content/Functions/Engine_MaterialFunctions01/Gradient/LinearGradient.uexp" 1335
"../../../Engine/Content/Functions/Engine_MaterialFunctions01/ImageAdjustment/CheapContrast.uasset" 1336
"../../../Engine/Content/Functions/Engine_MaterialFunctions01/ImageAdjustment/CheapContrast.uexp" 1337
"C:/Users/akhta/Capstone/Rokos_Basilisk/Game Code/Content/LevelPrototyping/Materials/MF_ProcGrid.uasset" 1338
"C:/Users/akhta/Capstone/Rokos_Basilisk/Game Code/Content/LevelPrototyping/Materials/MF_ProcGrid.uexp" 1339
"C:/Users/akhta/Capstone/Rokos_Basilisk/Game Code/Content/LevelPrototyping/Materials/M_PrototypeGrid.uasset" 1340
"C:/Users/akhta/Capstone/Rokos_Basilisk/Game Code/Content/LevelPrototyping/Materials/M_PrototypeGrid.uexp" 1341
"C:/Users/akhta/Capstone/Rokos_Basilisk/Game Code/Content/LevelPrototyping/Materials/MI_PrototypeGrid_Gray.uasset" 1342
"C:/Users/akhta/Capstone/Rokos_Basilisk/Game Code/Content/LevelPrototyping/Materials/MI_PrototypeGrid_Gray.uexp" 1343
"C:/Users/akhta/Capstone/Rokos_Basilisk/Game Code/Content/LevelPrototyping/Meshes/SM_Cube.ubulk" 1344
"C:/Users/akhta/Capstone/Rokos_Basilisk/Game Code/Content/LevelPrototyping/Meshes/SM_Cube.uasset" 1345
"C:/Users/akhta/Capstone/Rokos_Basilisk/Game Code/Content/LevelPrototyping/Meshes/SM_Cube.uexp" 1346
"C:/Users/akhta/Capstone/Rokos_Basilisk/Game Code/Content/LevelPrototyping/Meshes/SM_QuarterCylinder.ubulk" 1347
"C:/Users/akhta/Capstone/Rokos_Basilisk/Game Code/Content/LevelPrototyping/Meshes/SM_QuarterCylinder.uasset" 1348
"C:/Users/akhta/Capstone/Rokos_Basilisk/Game Code/Content/LevelPrototyping/Meshes/SM_QuarterCylinder.uexp" 1349
"C:/Users/akhta/Capstone/Rokos_Basilisk/Game Code/Content/LevelPrototyping/Materials/MI_PrototypeGrid_TopDark.uasset" 1350
"C:/Users/akhta/Capstone/Rokos_Basilisk/Game Code/Content/LevelPrototyping/Materials/MI_PrototypeGrid_TopDark.uexp" 1351
"C:/Users/akhta/Capstone/Rokos_Basilisk/Game Code/Content/LevelPrototyping/Meshes/SM_Ramp.ubulk" 1352
"C:/Users/akhta/Capstone/Rokos_Basilisk/Game Code/Content/LevelPrototyping/Meshes/SM_Ramp.uasset" 1353
"C:/Users/akhta/Capstone/Rokos_Basilisk/Game Code/Content/LevelPrototyping/Meshes/SM_Ramp.uexp" 1354
"../../../Engine/Content/VREditor/TransformGizmo/StartRotationHandleIndicator.ubulk" 1355
"../../../Engine/Content/VREditor/TransformGizmo/StartRotationHandleIndicator.uasset" 1356
"../../../Engine/Content/VREditor/TransformGizmo/StartRotationHandleIndicator.uexp" 1357
"../../../Engine/Content/VREditor/Sounds/UI/Drop_Item_From_ContentBrowser.ubulk" 1358
"../../../Engine/Content/VREditor/Sounds/UI/Drop_Item_From_ContentBrowser.uasset" 1359
"../../../Engine/Content/VREditor/Sounds/UI/Drop_Item_From_ContentBrowser.uexp" 1360
"../../../Engine/Content/VREditor/TransformGizmo/PlaneTranslationHandle.ubulk" 1361
"../../../Engine/Content/VREditor/TransformGizmo/PlaneTranslationHandle.uasset" 1362
"../../../Engine/Content/VREditor/TransformGizmo/PlaneTranslationHandle.uexp" 1363
"../../../Engine/Content/VREditor/Sounds/UI/Object_Snaps_To_Grid.ubulk" 1364
"../../../Engine/Content/VREditor/Sounds/UI/Object_Snaps_To_Grid.uasset" 1365
"../../../Engine/Content/VREditor/Sounds/UI/Object_Snaps_To_Grid.uexp" 1366
"../../../Engine/Content/VREditor/Sounds/UI/Selection_Changes.ubulk" 1367
"../../../Engine/Content/VREditor/Sounds/UI/Selection_Changes.uasset" 1368
"../../../Engine/Content/VREditor/Sounds/UI/Selection_Changes.uexp" 1369
"../../../Engine/Content/VREditor/Sounds/UI/Object_Snaps_To_Another_Actor.ubulk" 1370
"../../../Engine/Content/VREditor/Sounds/UI/Object_Snaps_To_Another_Actor.uasset" 1371
"../../../Engine/Content/VREditor/Sounds/UI/Object_Snaps_To_Another_Actor.uexp" 1372
"../../../Engine/Content/VREditor/TransformGizmo/TranslucentTransformGizmoMaterial_Inst.uasset" 1373
"../../../Engine/Content/VREditor/TransformGizmo/TranslucentTransformGizmoMaterial_Inst.uexp" 1374
"../../../Engine/Content/VREditor/TransformGizmo/TransformGizmoFreeRotation.ubulk" 1375
"../../../Engine/Content/VREditor/TransformGizmo/TransformGizmoFreeRotation.uasset" 1376
"../../../Engine/Content/VREditor/TransformGizmo/TransformGizmoFreeRotation.uexp" 1377
"../../../Engine/Content/VREditor/Sounds/UI/Scaling_Down.ubulk" 1378
"../../../Engine/Content/VREditor/Sounds/UI/Scaling_Down.uasset" 1379
"../../../Engine/Content/VREditor/Sounds/UI/Scaling_Down.uexp" 1380
"../../../Engine/Content/Functions/Engine_MaterialFunctions02/SplitComponents.uasset" 1381
"../../../Engine/Content/Functions/Engine_MaterialFunctions02/SplitComponents.uexp" 1382
"../../../Engine/Content/VREditor/SnapGrid/SnapGridMaterial.uasset" 1383
"../../../Engine/Content/VREditor/SnapGrid/SnapGridMaterial.uexp" 1384
"../../../Engine/Content/VREditor/SnapGrid/SnapGridPlaneMesh.ubulk" 1385
"../../../Engine/Content/VREditor/SnapGrid/SnapGridPlaneMesh.uasset" 1386
"../../../Engine/Content/VREditor/SnapGrid/SnapGridPlaneMesh.uexp" 1387
"../../../Engine/Content/VREditor/Sounds/UI/Scaling_Up.ubulk" 1388
"../../../Engine/Content/VREditor/Sounds/UI/Scaling_Up.uasset" 1389
"../../../Engine/Content/VREditor/Sounds/UI/Scaling_Up.uexp" 1390
"../../../Engine/Content/VREditor/TransformGizmo/TransformGizmoMaterial_Inst.uasset" 1391
"../../../Engine/Content/VREditor/TransformGizmo/TransformGizmoMaterial_Inst.uexp" 1392
"../../../Engine/Content/VREditor/Sounds/UI/Gizmo_Handle_Clicked.ubulk" 1393
"../../../Engine/Content/VREditor/Sounds/UI/Gizmo_Handle_Clicked.uasset" 1394
"../../../Engine/Content/VREditor/Sounds/UI/Gizmo_Handle_Clicked.uexp" 1395
"../../../Engine/Content/VREditor/TransformGizmo/RotationHandleQuarter.ubulk" 1396
"../../../Engine/Content/VREditor/TransformGizmo/RotationHandleQuarter.uasset" 1397
"../../../Engine/Content/VREditor/TransformGizmo/RotationHandleQuarter.uexp" 1398
"../../../Engine/Content/VREditor/TransformGizmo/TranslateArrowHandle.ubulk" 1399
"../../../Engine/Content/VREditor/TransformGizmo/TranslateArrowHandle.uasset" 1400
"../../../Engine/Content/VREditor/TransformGizmo/TranslateArrowHandle.uexp" 1401
"../../../Engine/Content/VREditor/TransformGizmo/RotationHandleIndicator.ubulk" 1402
"../../../Engine/Content/VREditor/TransformGizmo/RotationHandleIndicator.uasset" 1403
"../../../Engine/Content/VREditor/TransformGizmo/RotationHandleIndicator.uexp" 1404
"../../../Engine/Content/VREditor/TransformGizmo/UniformScaleHandle.ubulk" 1405
"../../../Engine/Content/VREditor/TransformGizmo/UniformScaleHandle.uasset" 1406
"../../../Engine/Content/VREditor/TransformGizmo/UniformScaleHandle.uexp" 1407
"../../../Engine/Content/VREditor/TransformGizmo/RotationHandleFull.ubulk" 1408
"../../../Engine/Content/VREditor/TransformGizmo/RotationHandleFull.uasset" 1409
"../../../Engine/Content/VREditor/TransformGizmo/RotationHandleFull.uexp" 1410
"../../../Engine/Content/VREditor/Sounds/UI/Object_PickUp.ubulk" 1411
"../../../Engine/Content/VREditor/Sounds/UI/Object_PickUp.uasset" 1412
"../../../Engine/Content/VREditor/Sounds/UI/Object_PickUp.uexp" 1413
"../../../Engine/Plugins/Animation/DeformerGraph/Content/DeformerFunctions/DG_Function_ComputeNormalsTangents.uasset" 1414
"../../../Engine/Plugins/Animation/DeformerGraph/Content/DeformerFunctions/DG_Function_ComputeNormalsTangents.uexp" 1415
"../../../Engine/Plugins/Animation/DeformerGraph/Content/DeformerFunctions/DG_Function_LinearBlendSkin_Morph_Cloth.uasset" 1416
"../../../Engine/Plugins/Animation/DeformerGraph/Content/DeformerFunctions/DG_Function_LinearBlendSkin_Morph_Cloth.uexp" 1417
"../../../Engine/Plugins/Animation/DeformerGraph/Content/DeformerFunctions/DG_Function_LinearBlendSkin_Morph_Cloth_PositionOnly.uasset" 1418
"../../../Engine/Plugins/Animation/DeformerGraph/Content/DeformerFunctions/DG_Function_LinearBlendSkin_Morph_Cloth_PositionOnly.uexp" 1419
"../../../Engine/Plugins/Animation/DeformerGraph/Content/Deformers/DG_LinearBlendSkin_Morph_Cloth.uasset" 1420
"../../../Engine/Plugins/Animation/DeformerGraph/Content/Deformers/DG_LinearBlendSkin_Morph_Cloth.uexp" 1421
"../../../Engine/Plugins/Animation/DeformerGraph/Content/Deformers/DG_LinearBlendSkin_Morph_Cloth_RecomputeNormals.uasset" 1422
"../../../Engine/Plugins/Animation/DeformerGraph/Content/Deformers/DG_LinearBlendSkin_Morph_Cloth_RecomputeNormals.uexp" 1423
"../../../Engine/Content/EngineResources/LandscapeVisibilityLayerInfo.uasset" 1424
"../../../Engine/Content/EngineResources/LandscapeVisibilityLayerInfo.uexp" 1425
"../../../Engine/Plugins/NNE/NNEDenoiser/Content/NNEDT_Oidn2-3_Balanced.uasset" 1426
"../../../Engine/Plugins/NNE/NNEDenoiser/Content/NNEDT_Oidn2-3_Balanced.uexp" 1427
"../../../Engine/Plugins/NNE/NNEDenoiser/Content/NNEDT_Oidn2-3_Balanced_Alpha.uasset" 1428
"../../../Engine/Plugins/NNE/NNEDenoiser/Content/NNEDT_Oidn2-3_Balanced_Alpha.uexp" 1429
"../../../Engine/Plugins/NNE/NNEDenoiser/Content/NNED_Oidn2-3_Balanced.uasset" 1430
"../../../Engine/Plugins/NNE/NNEDenoiser/Content/NNED_Oidn2-3_Balanced.uexp" 1431
"../../../Engine/Plugins/NNE/NNEDenoiser/Content/NNED_Oidn2-3_Balanced_Alpha.uasset" 1432
"../../../Engine/Plugins/NNE/NNEDenoiser/Content/NNED_Oidn2-3_Balanced_Alpha.uexp" 1433
"../../../Engine/Plugins/NNE/NNEDenoiser/Content/NNED_Oidn2-3_Fast.uasset" 1434
"../../../Engine/Plugins/NNE/NNEDenoiser/Content/NNED_Oidn2-3_Fast.uexp" 1435
"../../../Engine/Plugins/NNE/NNEDenoiser/Content/NNED_Oidn2-3_Fast_Alpha.uasset" 1436
"../../../Engine/Plugins/NNE/NNEDenoiser/Content/NNED_Oidn2-3_Fast_Alpha.uexp" 1437
"../../../Engine/Plugins/NNE/NNEDenoiser/Content/NNED_Oidn2-3_HighQuality.uasset" 1438
"../../../Engine/Plugins/NNE/NNEDenoiser/Content/NNED_Oidn2-3_HighQuality.uexp" 1439
"../../../Engine/Plugins/NNE/NNEDenoiser/Content/NNED_Oidn2-3_HighQuality_Alpha.uasset" 1440
"../../../Engine/Plugins/NNE/NNEDenoiser/Content/NNED_Oidn2-3_HighQuality_Alpha.uexp" 1441
"../../../Engine/Plugins/NNE/NNEDenoiser/Content/NNE_oidn2-3-0_rt_hdr_alb_nrm_small__dyn__fp16_opset11_DenoiseAlpha.uasset" 1442
"../../../Engine/Plugins/NNE/NNEDenoiser/Content/NNE_oidn2-3-0_rt_hdr_alb_nrm_small__dyn__fp16_opset11_DenoiseAlpha.uexp" 1443
"../../../Engine/Plugins/NNE/NNEDenoiser/Content/NNE_oidn2-3-0_rt_hdr_alb_nrm_small__dyn__fp16_opset11_ForwardAlpha.uasset" 1444
"../../../Engine/Plugins/NNE/NNEDenoiser/Content/NNE_oidn2-3-0_rt_hdr_alb_nrm_small__dyn__fp16_opset11_ForwardAlpha.uexp" 1445
"../../../Engine/Plugins/NNE/NNEDenoiser/Content/NNE_oidn2-3-0_rt_hdr_alb_nrm__dyn__fp16_opset11_DenoiseAlpha.uasset" 1446
"../../../Engine/Plugins/NNE/NNEDenoiser/Content/NNE_oidn2-3-0_rt_hdr_alb_nrm__dyn__fp16_opset11_DenoiseAlpha.uexp" 1447
"../../../Engine/Plugins/NNE/NNEDenoiser/Content/NNE_oidn2-3-0_rt_hdr_alb_nrm__dyn__fp16_opset11_ForwardAlpha.uasset" 1448
"../../../Engine/Plugins/NNE/NNEDenoiser/Content/NNE_oidn2-3-0_rt_hdr_alb_nrm__dyn__fp16_opset11_ForwardAlpha.uexp" 1449
"../../../Engine/Plugins/NNE/NNEDenoiser/Content/NNE_oidn2-3-0_rt_hdr_calb_cnrm_large__dyn__fp16_opset11_DenoiseAlpha.uasset" 1450
"../../../Engine/Plugins/NNE/NNEDenoiser/Content/NNE_oidn2-3-0_rt_hdr_calb_cnrm_large__dyn__fp16_opset11_DenoiseAlpha.uexp" 1451
"../../../Engine/Plugins/NNE/NNEDenoiser/Content/NNE_oidn2-3-0_rt_hdr_calb_cnrm_large__dyn__fp16_opset11_ForwardAlpha.uasset" 1452
"../../../Engine/Plugins/NNE/NNEDenoiser/Content/NNE_oidn2-3-0_rt_hdr_calb_cnrm_large__dyn__fp16_opset11_ForwardAlpha.uexp" 1453
"C:/Users/akhta/Capstone/Rokos_Basilisk/Game Code/Content/FirstPerson/Maps/MainMap.uexp" 1454
"C:/Users/akhta/Capstone/Rokos_Basilisk/Game Code/Content/FirstPerson/Maps/MainMap.umap" 1455
"C:/Users/akhta/Capstone/Rokos_Basilisk/Game Code/Content/FirstPerson/Maps/FirstPersonMap.uexp" 1456
"C:/Users/akhta/Capstone/Rokos_Basilisk/Game Code/Content/FirstPerson/Maps/FirstPersonMap.umap" 1457
"C:/Users/akhta/Capstone/Rokos_Basilisk/Game Code/Content/FirstPerson/MainMenu/W_Credits.uasset" 1458
"C:/Users/akhta/Capstone/Rokos_Basilisk/Game Code/Content/FirstPerson/MainMenu/W_Credits.uexp" 1459
"C:/Users/akhta/Capstone/Rokos_Basilisk/Game Code/Content/FirstPerson/MainMenu/W_DifficultyText.uasset" 1460
"C:/Users/akhta/Capstone/Rokos_Basilisk/Game Code/Content/FirstPerson/MainMenu/W_DifficultyText.uexp" 1461
"C:/Users/akhta/Capstone/Rokos_Basilisk/Game Code/Content/FirstPerson/MainMenu/W_Difficulty.uasset" 1462
"C:/Users/akhta/Capstone/Rokos_Basilisk/Game Code/Content/FirstPerson/MainMenu/W_Difficulty.uexp" 1463
"../../../Engine/Content/EngineSounds/Master.uasset" 1464
"../../../Engine/Content/EngineSounds/Master.uexp" 1465
"C:/Users/akhta/Capstone/Rokos_Basilisk/Game Code/Content/Tools/MasterVolume.uasset" 1466
"C:/Users/akhta/Capstone/Rokos_Basilisk/Game Code/Content/Tools/MasterVolume.uexp" 1467
"C:/Users/akhta/Capstone/Rokos_Basilisk/Game Code/Content/FirstPerson/MainMenu/W_Options.uasset" 1468
"C:/Users/akhta/Capstone/Rokos_Basilisk/Game Code/Content/FirstPerson/MainMenu/W_Options.uexp" 1469
"C:/Users/akhta/Capstone/Rokos_Basilisk/Game Code/Content/FirstPerson/MainMenu/W_MainMenu.uasset" 1470
"C:/Users/akhta/Capstone/Rokos_Basilisk/Game Code/Content/FirstPerson/MainMenu/W_MainMenu.uexp" 1471
"C:/Users/akhta/Capstone/Rokos_Basilisk/Game Code/Content/FirstPerson/MainMenu/PC_MainMenu.uasset" 1472
"C:/Users/akhta/Capstone/Rokos_Basilisk/Game Code/Content/FirstPerson/MainMenu/PC_MainMenu.uexp" 1473
"C:/Users/akhta/Capstone/Rokos_Basilisk/Game Code/Content/FirstPerson/MainMenu/GM_MainMenu.uasset" 1474
"C:/Users/akhta/Capstone/Rokos_Basilisk/Game Code/Content/FirstPerson/MainMenu/GM_MainMenu.uexp" 1475
"C:/Users/akhta/Capstone/Rokos_Basilisk/Game Code/Content/Characters/Mannequins/Textures/Quinn/T_Quinn_02ID_MSR_MSK.ubulk" 1476
"C:/Users/akhta/Capstone/Rokos_Basilisk/Game Code/Content/Characters/Mannequins/Textures/Quinn/T_Quinn_02ID_MSR_MSK.uasset" 1477
"C:/Users/akhta/Capstone/Rokos_Basilisk/Game Code/Content/Characters/Mannequins/Textures/Quinn/T_Quinn_02ID_MSR_MSK.uexp" 1478
"C:/Users/akhta/Capstone/Rokos_Basilisk/Game Code/Content/Characters/Mannequins/Textures/Quinn/T_Quinn_02ID_BN.ubulk" 1479
"C:/Users/akhta/Capstone/Rokos_Basilisk/Game Code/Content/Characters/Mannequins/Textures/Quinn/T_Quinn_02ID_BN.uasset" 1480
"C:/Users/akhta/Capstone/Rokos_Basilisk/Game Code/Content/Characters/Mannequins/Textures/Quinn/T_Quinn_02ID_BN.uexp" 1481
"C:/Users/akhta/Capstone/Rokos_Basilisk/Game Code/Content/Characters/Mannequins/Textures/Quinn/T_Quinn_02_ASAOMASK_MSK.ubulk" 1482
"C:/Users/akhta/Capstone/Rokos_Basilisk/Game Code/Content/Characters/Mannequins/Textures/Quinn/T_Quinn_02_ASAOMASK_MSK.uasset" 1483
"C:/Users/akhta/Capstone/Rokos_Basilisk/Game Code/Content/Characters/Mannequins/Textures/Quinn/T_Quinn_02_ASAOMASK_MSK.uexp" 1484
"C:/Users/akhta/Capstone/Rokos_Basilisk/Game Code/Content/Characters/Mannequins/Textures/Quinn/T_Quinn_02_CCRCCPlastic_MSK.ubulk" 1485
"C:/Users/akhta/Capstone/Rokos_Basilisk/Game Code/Content/Characters/Mannequins/Textures/Quinn/T_Quinn_02_CCRCCPlastic_MSK.uasset" 1486
"C:/Users/akhta/Capstone/Rokos_Basilisk/Game Code/Content/Characters/Mannequins/Textures/Quinn/T_Quinn_02_CCRCCPlastic_MSK.uexp" 1487
"C:/Users/akhta/Capstone/Rokos_Basilisk/Game Code/Content/Characters/Mannequins/Textures/Quinn/T_Quinn_02ID_Tan.ubulk" 1488
"C:/Users/akhta/Capstone/Rokos_Basilisk/Game Code/Content/Characters/Mannequins/Textures/Quinn/T_Quinn_02ID_Tan.uasset" 1489
"C:/Users/akhta/Capstone/Rokos_Basilisk/Game Code/Content/Characters/Mannequins/Textures/Quinn/T_Quinn_02ID_Tan.uexp" 1490
"C:/Users/akhta/Capstone/Rokos_Basilisk/Game Code/Content/Characters/Mannequins/Textures/Quinn/T_Quinn_02ID_D.ubulk" 1491
"C:/Users/akhta/Capstone/Rokos_Basilisk/Game Code/Content/Characters/Mannequins/Textures/Quinn/T_Quinn_02ID_D.uasset" 1492
"C:/Users/akhta/Capstone/Rokos_Basilisk/Game Code/Content/Characters/Mannequins/Textures/Quinn/T_Quinn_02ID_D.uexp" 1493
"C:/Users/akhta/Capstone/Rokos_Basilisk/Game Code/Content/Characters/Mannequins/Textures/Quinn/T_Quinn_01ID_MSR_MSK.ubulk" 1494
"C:/Users/akhta/Capstone/Rokos_Basilisk/Game Code/Content/Characters/Mannequins/Textures/Quinn/T_Quinn_01ID_MSR_MSK.uasset" 1495
"C:/Users/akhta/Capstone/Rokos_Basilisk/Game Code/Content/Characters/Mannequins/Textures/Quinn/T_Quinn_01ID_MSR_MSK.uexp" 1496
"C:/Users/akhta/Capstone/Rokos_Basilisk/Game Code/Content/Characters/Mannequins/Textures/Quinn/T_Quinn_01_ASAOMASK_MSK.ubulk" 1497
"C:/Users/akhta/Capstone/Rokos_Basilisk/Game Code/Content/Characters/Mannequins/Textures/Quinn/T_Quinn_01_ASAOMASK_MSK.uasset" 1498
"C:/Users/akhta/Capstone/Rokos_Basilisk/Game Code/Content/Characters/Mannequins/Textures/Quinn/T_Quinn_01_ASAOMASK_MSK.uexp" 1499
"C:/Users/akhta/Capstone/Rokos_Basilisk/Game Code/Content/Characters/Mannequins/Textures/Quinn/T_Quinn_01ID_N.ubulk" 1500
"C:/Users/akhta/Capstone/Rokos_Basilisk/Game Code/Content/Characters/Mannequins/Textures/Quinn/T_Quinn_01ID_N.uasset" 1501
"C:/Users/akhta/Capstone/Rokos_Basilisk/Game Code/Content/Characters/Mannequins/Textures/Quinn/T_Quinn_01ID_N.uexp" 1502
"C:/Users/akhta/Capstone/Rokos_Basilisk/Game Code/Content/Characters/Mannequins/Textures/Quinn/T_Quinn_01ID_BN.ubulk" 1503
"C:/Users/akhta/Capstone/Rokos_Basilisk/Game Code/Content/Characters/Mannequins/Textures/Quinn/T_Quinn_01ID_BN.uasset" 1504
"C:/Users/akhta/Capstone/Rokos_Basilisk/Game Code/Content/Characters/Mannequins/Textures/Quinn/T_Quinn_01ID_BN.uexp" 1505
"C:/Users/akhta/Capstone/Rokos_Basilisk/Game Code/Content/Characters/Mannequins/Textures/Quinn/T_Quinn_01ID_D.ubulk" 1506
"C:/Users/akhta/Capstone/Rokos_Basilisk/Game Code/Content/Characters/Mannequins/Textures/Quinn/T_Quinn_01ID_D.uasset" 1507
"C:/Users/akhta/Capstone/Rokos_Basilisk/Game Code/Content/Characters/Mannequins/Textures/Quinn/T_Quinn_01ID_D.uexp" 1508
"C:/Users/akhta/Capstone/Rokos_Basilisk/Game Code/Content/Characters/Mannequins/Textures/Quinn/T_Quinn_01ID_Tan.ubulk" 1509
"C:/Users/akhta/Capstone/Rokos_Basilisk/Game Code/Content/Characters/Mannequins/Textures/Quinn/T_Quinn_01ID_Tan.uasset" 1510
"C:/Users/akhta/Capstone/Rokos_Basilisk/Game Code/Content/Characters/Mannequins/Textures/Quinn/T_Quinn_01ID_Tan.uexp" 1511
"C:/Users/akhta/Capstone/Rokos_Basilisk/Game Code/Content/Characters/Mannequins/Textures/Quinn/T_Quinn_01_CCRCCPlastic_MSK.ubulk" 1512
"C:/Users/akhta/Capstone/Rokos_Basilisk/Game Code/Content/Characters/Mannequins/Textures/Quinn/T_Quinn_01_CCRCCPlastic_MSK.uasset" 1513
"C:/Users/akhta/Capstone/Rokos_Basilisk/Game Code/Content/Characters/Mannequins/Textures/Quinn/T_Quinn_01_CCRCCPlastic_MSK.uexp" 1514
"C:/Users/akhta/Capstone/Rokos_Basilisk/Game Code/Content/Characters/Mannequins/Materials/Instances/Quinn/MI_Quinn_01.uasset" 1515
"C:/Users/akhta/Capstone/Rokos_Basilisk/Game Code/Content/Characters/Mannequins/Materials/Instances/Quinn/MI_Quinn_01.uexp" 1516
"C:/Users/akhta/Capstone/Rokos_Basilisk/Game Code/Content/Characters/Mannequins/Textures/Quinn/T_Quinn_02ID_N.ubulk" 1517
"C:/Users/akhta/Capstone/Rokos_Basilisk/Game Code/Content/Characters/Mannequins/Textures/Quinn/T_Quinn_02ID_N.uasset" 1518
"C:/Users/akhta/Capstone/Rokos_Basilisk/Game Code/Content/Characters/Mannequins/Textures/Quinn/T_Quinn_02ID_N.uexp" 1519
"C:/Users/akhta/Capstone/Rokos_Basilisk/Game Code/Content/Characters/Mannequins/Materials/Instances/Quinn/MI_Quinn_02.uasset" 1520
"C:/Users/akhta/Capstone/Rokos_Basilisk/Game Code/Content/Characters/Mannequins/Materials/Instances/Quinn/MI_Quinn_02.uexp" 1521
"C:/Users/akhta/Capstone/Rokos_Basilisk/Game Code/Content/Characters/Mannequins/Meshes/SKM_Quinn_Simple.uasset" 1522
"C:/Users/akhta/Capstone/Rokos_Basilisk/Game Code/Content/Characters/Mannequins/Meshes/SKM_Quinn_Simple.uexp" 1523
"C:/Users/akhta/Capstone/Rokos_Basilisk/Game Code/Content/Characters/Mannequins/Animations/Manny/MM_Fall_Loop.uasset" 1524
"C:/Users/akhta/Capstone/Rokos_Basilisk/Game Code/Content/Characters/Mannequins/Animations/Manny/MM_Fall_Loop.uexp" 1525
"C:/Users/akhta/Capstone/Rokos_Basilisk/Game Code/Content/Characters/Mannequins/Animations/Manny/MM_Jump.uasset" 1526
"C:/Users/akhta/Capstone/Rokos_Basilisk/Game Code/Content/Characters/Mannequins/Animations/Manny/MM_Jump.uexp" 1527
"../../../Engine/Plugins/Animation/ControlRig/Content/Controls/DefaultGizmoLibrary.uasset" 1528
"../../../Engine/Plugins/Animation/ControlRig/Content/Controls/DefaultGizmoLibrary.uexp" 1529
"C:/Users/akhta/Capstone/Rokos_Basilisk/Game Code/Content/Characters/Mannequins/Rigs/CR_Mannequin_BasicFootIK.uasset" 1530
"C:/Users/akhta/Capstone/Rokos_Basilisk/Game Code/Content/Characters/Mannequins/Rigs/CR_Mannequin_BasicFootIK.uexp" 1531
"C:/Users/akhta/Capstone/Rokos_Basilisk/Game Code/Content/Characters/Mannequins/Animations/Manny/MM_Run_Fwd.uasset" 1532
"C:/Users/akhta/Capstone/Rokos_Basilisk/Game Code/Content/Characters/Mannequins/Animations/Manny/MM_Run_Fwd.uexp" 1533
"C:/Users/akhta/Capstone/Rokos_Basilisk/Game Code/Content/Characters/Mannequins/Animations/Manny/MM_Walk_InPlace.uasset" 1534
"C:/Users/akhta/Capstone/Rokos_Basilisk/Game Code/Content/Characters/Mannequins/Animations/Manny/MM_Walk_InPlace.uexp" 1535
"C:/Users/akhta/Capstone/Rokos_Basilisk/Game Code/Content/Characters/Mannequins/Animations/Manny/BS_MM_WalkRun.uasset" 1536
"C:/Users/akhta/Capstone/Rokos_Basilisk/Game Code/Content/Characters/Mannequins/Animations/Manny/BS_MM_WalkRun.uexp" 1537
"C:/Users/akhta/Capstone/Rokos_Basilisk/Game Code/Content/Characters/Mannequins/Animations/Manny/MM_Land.uasset" 1538
"C:/Users/akhta/Capstone/Rokos_Basilisk/Game Code/Content/Characters/Mannequins/Animations/Manny/MM_Land.uexp" 1539
"C:/Users/akhta/Capstone/Rokos_Basilisk/Game Code/Content/Characters/Mannequins/Animations/ABP_Manny.uasset" 1540
"C:/Users/akhta/Capstone/Rokos_Basilisk/Game Code/Content/Characters/Mannequins/Animations/ABP_Manny.uexp" 1541
"C:/Users/akhta/Capstone/Rokos_Basilisk/Game Code/Content/FirstPerson/MainMenu/MainMenu.uexp" 1542
"C:/Users/akhta/Capstone/Rokos_Basilisk/Game Code/Content/FirstPerson/MainMenu/MainMenu.umap" 1543
"../../../Engine/Content/EngineSky/T_Sky_Stars.ubulk" 1544
"../../../Engine/Content/EngineSky/T_Sky_Stars.uasset" 1545
"../../../Engine/Content/EngineSky/T_Sky_Stars.uexp" 1546
"../../../Engine/Content/EngineSky/T_Sky_Clouds_M.ubulk" 1547
"../../../Engine/Content/EngineSky/T_Sky_Clouds_M.uasset" 1548
"../../../Engine/Content/EngineSky/T_Sky_Clouds_M.uexp" 1549
"../../../Engine/Content/EngineSky/T_Sky_Blue.ubulk" 1550
"../../../Engine/Content/EngineSky/T_Sky_Blue.uasset" 1551
"../../../Engine/Content/EngineSky/T_Sky_Blue.uexp" 1552
"../../../Engine/Content/EngineSky/M_Sky_Panning_Clouds2.uasset" 1553
"../../../Engine/Content/EngineSky/M_Sky_Panning_Clouds2.uexp" 1554
"../../../Engine/Content/EngineSky/SM_SkySphere.ubulk" 1555
"../../../Engine/Content/EngineSky/SM_SkySphere.uasset" 1556
"../../../Engine/Content/EngineSky/SM_SkySphere.uexp" 1557
"C:/Users/akhta/Capstone/Rokos_Basilisk/Game Code/Content/FirstPerson/Maps/_GENERATED/EdgeN/Box_FD2E099B.ubulk" 1558
"C:/Users/akhta/Capstone/Rokos_Basilisk/Game Code/Content/FirstPerson/Maps/_GENERATED/EdgeN/Box_FD2E099B.uasset" 1559
"C:/Users/akhta/Capstone/Rokos_Basilisk/Game Code/Content/FirstPerson/Maps/_GENERATED/EdgeN/Box_FD2E099B.uexp" 1560
"C:/Users/akhta/Capstone/Rokos_Basilisk/Game Code/Content/Prefabs/SM_startingLevel.uasset" 1561
"C:/Users/akhta/Capstone/Rokos_Basilisk/Game Code/Content/Prefabs/SM_startingLevel.uexp" 1562
"../../../Engine/Content/EngineSky/M_SimpleSkyDome.uasset" 1563
"../../../Engine/Content/EngineSky/M_SimpleSkyDome.uexp" 1564
"C:/Users/akhta/Capstone/Rokos_Basilisk/Game Code/Content/FirstPerson/Maps/StartingLevel.uexp" 1565
"C:/Users/akhta/Capstone/Rokos_Basilisk/Game Code/Content/FirstPerson/Maps/StartingLevel.umap" 1566
"../../../Engine/Content/Maps/Entry_BuiltData.uasset" 1567
"../../../Engine/Content/Maps/Entry_BuiltData.uexp" 1568
"../../../Engine/Content/Maps/Entry.uexp" 1569
"../../../Engine/Content/Maps/Entry.umap" 1570
